data;regione;lat;long;ricoverati_con_sintomi;terapia_intensiva;totale_ospedalizzati;isolamento_domiciliare;totale_positivi;variazione_totale_positivi;dimessi_guariti;deceduti;totale_casi;tamponi;nuovi_casi;nuovi_tamponi;nuovi_deceduti;nuovi_dimessi_guariti;nuovi_terapia_intensiva
2020-02-24;Abruzzo;42,35122196;13,39843823;0;0;0;0;0;0;0;0;0;5;0,0;5,0;0,0;0,0;0,0
2020-02-25;Abruzzo;42,35122196;13,39843823;0;0;0;0;0;0;0;0;0;5;0,0;0,0;0,0;0,0;0,0
2020-02-26;Abruzzo;42,35122196;13,39843823;0;0;0;0;0;0;0;0;0;13;0,0;8,0;0,0;0,0;0,0
2020-02-27;Abruzzo;42,35122196;13,39843823;1;0;1;0;1;1;0;0;1;33;1,0;20,0;0,0;0,0;0,0
2020-02-28;Abruzzo;42,35122196;13,39843823;1;0;1;0;1;0;0;0;1;33;0,0;0,0;0,0;0,0;0,0
2020-02-29;Abruzzo;42,35122196;13,39843823;2;0;2;0;2;1;0;0;2;43;1,0;10,0;0,0;0,0;0,0
2020-03-01;Abruzzo;42,35122196;13,39843823;3;0;3;2;5;3;0;0;5;52;3,0;9,0;0,0;0,0;0,0
2020-03-02;Abruzzo;42,35122196;13,39843823;3;0;3;2;5;0;0;0;5;52;0,0;0,0;0,0;0,0;0,0
2020-03-03;Abruzzo;42,35122196;13,39843823;5;0;5;1;6;1;0;0;6;52;1,0;0,0;0,0;0,0;0,0
2020-03-04;Abruzzo;42,35122196;13,39843823;7;0;7;0;7;1;0;0;7;85;1,0;33,0;0,0;0,0;0,0
2020-03-05;Abruzzo;42,35122196;13,39843823;8;0;8;0;8;1;0;0;8;96;1,0;11,0;0,0;0,0;0,0
2020-03-06;Abruzzo;42,35122196;13,39843823;9;0;9;0;9;1;0;0;9;96;1,0;0,0;0,0;0,0;0,0
2020-03-07;Abruzzo;42,35122196;13,39843823;11;0;11;0;11;2;0;0;11;123;2,0;27,0;0,0;0,0;0,0
2020-03-08;Abruzzo;42,35122196;13,39843823;14;0;14;3;17;6;0;0;17;163;6,0;40,0;0,0;0,0;0,0
2020-03-09;Abruzzo;42,35122196;13,39843823;25;0;25;5;30;13;0;0;30;237;13,0;74,0;0,0;0,0;0,0
2020-03-10;Abruzzo;42,35122196;13,39843823;17;9;26;11;37;7;0;1;38;310;8,0;73,0;1,0;0,0;9,0
2020-03-11;Abruzzo;42,35122196;13,39843823;17;9;26;11;37;0;0;1;38;310;0,0;0,0;0,0;0,0;0,0
2020-03-12;Abruzzo;42,35122196;13,39843823;47;12;59;19;78;41;4;2;84;867;46,0;557,0;1,0;4,0;3,0
2020-03-13;Abruzzo;42,35122196;13,39843823;42;14;56;27;83;5;4;2;89;958;5,0;91,0;0,0;0,0;2,0
2020-03-14;Abruzzo;42,35122196;13,39843823;51;14;65;41;106;23;4;2;112;1232;23,0;274,0;0,0;0,0;0,0
2020-03-15;Abruzzo;42,35122196;13,39843823;72;28;100;28;128;22;6;3;137;1419;25,0;187,0;1,0;2,0;14,0
2020-03-16;Abruzzo;42,35122196;13,39843823;71;37;108;57;165;37;7;4;176;1533;39,0;114,0;1,0;1,0;9,0
2020-03-17;Abruzzo;42,35122196;13,39843823;94;32;126;90;216;51;7;6;229;1688;53,0;155,0;2,0;0,0;-5,0
2020-03-18;Abruzzo;42,35122196;13,39843823;99;41;140;109;249;33;7;7;263;2054;34,0;366,0;1,0;0,0;9,0
2020-03-19;Abruzzo;42,35122196;13,39843823;181;47;228;138;366;117;8;11;385;2409;122,0;355,0;4,0;1,0;6,0
2020-03-20;Abruzzo;42,35122196;13,39843823;190;48;238;184;422;56;10;17;449;2695;64,0;286,0;6,0;2,0;1,0
2020-03-21;Abruzzo;42,35122196;13,39843823;185;44;229;265;494;72;13;22;529;3035;80,0;340,0;5,0;3,0;-4,0
2020-03-22;Abruzzo;42,35122196;13,39843823;218;49;267;272;539;45;15;33;587;3375;58,0;340,0;11,0;2,0;5,0
2020-03-23;Abruzzo;42,35122196;13,39843823;228;52;280;325;605;66;20;38;663;3674;76,0;299,0;5,0;5,0;3,0
2020-03-24;Abruzzo;42,35122196;13,39843823;234;57;291;331;622;17;21;46;689;4294;26,0;620,0;8,0;1,0;5,0
2020-03-25;Abruzzo;42,35122196;13,39843823;248;59;307;431;738;116;23;52;813;4982;124,0;688,0;6,0;2,0;2,0
2020-03-26;Abruzzo;42,35122196;13,39843823;280;64;344;516;860;122;23;63;946;5488;133,0;506,0;11,0;0,0;5,0
2020-03-27;Abruzzo;42,35122196;13,39843823;289;71;360;565;925;65;24;68;1017;6109;71,0;621,0;5,0;1,0;7,0
2020-03-28;Abruzzo;42,35122196;13,39843823;311;70;381;646;1027;102;30;76;1133;7003;116,0;894,0;8,0;6,0;-1,0
2020-03-29;Abruzzo;42,35122196;13,39843823;329;68;397;772;1169;142;36;88;1293;7730;160,0;727,0;12,0;6,0;-2,0
2020-03-30;Abruzzo;42,35122196;13,39843823;322;69;391;778;1169;0;74;102;1345;7948;52,0;218,0;14,0;38,0;1,0
2020-03-31;Abruzzo;42,35122196;13,39843823;335;73;408;783;1191;22;95;115;1401;8758;56,0;810,0;13,0;21,0;4,0
2020-04-01;Abruzzo;42,35122196;13,39843823;342;71;413;798;1211;20;102;123;1436;9610;35,0;852,0;8,0;7,0;-2,0
2020-04-02;Abruzzo;42,35122196;13,39843823;341;75;416;835;1251;40;113;133;1497;10647;61,0;1037,0;10,0;11,0;4,0
2020-04-03;Abruzzo;42,35122196;13,39843823;361;76;437;864;1301;50;116;146;1563;11890;66,0;1243,0;13,0;3,0;1,0
2020-04-04;Abruzzo;42,35122196;13,39843823;354;71;425;931;1356;55;119;153;1628;12837;65,0;947,0;7,0;3,0;-5,0
2020-02-24;Basilicata;40,63947052;15,80514834;0;0;0;0;0;0;0;0;0;0;0,0;0,0;0,0;0,0;0,0
2020-02-25;Basilicata;40,63947052;15,80514834;0;0;0;0;0;0;0;0;0;0;0,0;0,0;0,0;0,0;0,0
2020-02-26;Basilicata;40,63947052;15,80514834;0;0;0;0;0;0;0;0;0;0;0,0;0,0;0,0;0,0;0,0
2020-02-27;Basilicata;40,63947052;15,80514834;0;0;0;0;0;0;0;0;0;0;0,0;0,0;0,0;0,0;0,0
2020-02-28;Basilicata;40,63947052;15,80514834;0;0;0;0;0;0;0;0;0;0;0,0;0,0;0,0;0,0;0,0
2020-02-29;Basilicata;40,63947052;15,80514834;0;0;0;0;0;0;0;0;0;32;0,0;32,0;0,0;0,0;0,0
2020-03-01;Basilicata;40,63947052;15,80514834;0;0;0;0;0;0;0;0;0;39;0,0;7,0;0,0;0,0;0,0
2020-03-02;Basilicata;40,63947052;15,80514834;0;0;0;0;0;0;0;0;0;39;0,0;0,0;0,0;0,0;0,0
2020-03-03;Basilicata;40,63947052;15,80514834;0;0;0;1;1;1;0;0;1;42;1,0;3,0;0,0;0,0;0,0
2020-03-04;Basilicata;40,63947052;15,80514834;0;0;0;1;1;0;0;0;1;48;0,0;6,0;0,0;0,0;0,0
2020-03-05;Basilicata;40,63947052;15,80514834;0;0;0;1;1;0;0;0;1;54;0,0;6,0;0,0;0,0;0,0
2020-03-06;Basilicata;40,63947052;15,80514834;1;0;1;2;3;2;0;0;3;63;2,0;9,0;0,0;0,0;0,0
2020-03-07;Basilicata;40,63947052;15,80514834;1;0;1;2;3;0;0;0;3;75;0,0;12,0;0,0;0,0;0,0
2020-03-08;Basilicata;40,63947052;15,80514834;2;0;2;2;4;1;0;0;4;123;1,0;48,0;0,0;0,0;0,0
2020-03-09;Basilicata;40,63947052;15,80514834;2;0;2;3;5;1;0;0;5;135;1,0;12,0;0,0;0,0;0,0
2020-03-10;Basilicata;40,63947052;15,80514834;2;0;2;5;7;2;0;0;7;148;2,0;13,0;0,0;0,0;0,0
2020-03-11;Basilicata;40,63947052;15,80514834;1;1;2;6;8;1;0;0;8;155;1,0;7,0;0,0;0,0;1,0
2020-03-12;Basilicata;40,63947052;15,80514834;1;1;2;6;8;0;0;0;8;155;0,0;0,0;0,0;0,0;0,0
2020-03-13;Basilicata;40,63947052;15,80514834;1;1;2;8;10;2;0;0;10;155;2,0;0,0;0,0;0,0;0,0
2020-03-14;Basilicata;40,63947052;15,80514834;0;2;2;8;10;0;0;0;10;155;0,0;0,0;0,0;0,0;1,0
2020-03-15;Basilicata;40,63947052;15,80514834;0;2;2;9;11;1;0;0;11;208;1,0;53,0;0,0;0,0;0,0
2020-03-16;Basilicata;40,63947052;15,80514834;1;2;3;9;12;1;0;0;12;230;1,0;22,0;0,0;0,0;0,0
2020-03-17;Basilicata;40,63947052;15,80514834;5;2;7;13;20;8;0;0;20;262;8,0;32,0;0,0;0,0;0,0
2020-03-18;Basilicata;40,63947052;15,80514834;9;2;11;16;27;7;0;0;27;262;7,0;0,0;0,0;0,0;0,0
2020-03-19;Basilicata;40,63947052;15,80514834;8;5;13;24;37;10;0;0;37;353;10,0;91,0;0,0;0,0;3,0
2020-03-20;Basilicata;40,63947052;15,80514834;8;5;13;39;52;15;0;0;52;443;15,0;90,0;0,0;0,0;0,0
2020-03-21;Basilicata;40,63947052;15,80514834;12;7;19;47;66;14;0;0;66;522;14,0;79,0;0,0;0,0;2,0
2020-03-22;Basilicata;40,63947052;15,80514834;13;10;23;58;81;15;0;0;81;643;15,0;121,0;0,0;0,0;3,0
2020-03-23;Basilicata;40,63947052;15,80514834;15;12;27;62;89;8;0;1;90;696;9,0;53,0;1,0;0,0;2,0
2020-03-24;Basilicata;40,63947052;15,80514834;14;12;26;65;91;2;0;1;92;744;2,0;48,0;0,0;0,0;0,0
2020-03-25;Basilicata;40,63947052;15,80514834;20;14;34;78;112;21;0;1;113;857;21,0;113,0;0,0;0,0;2,0
2020-03-26;Basilicata;40,63947052;15,80514834;22;16;38;95;133;21;0;1;134;1046;21,0;189,0;0,0;0,0;2,0
2020-03-27;Basilicata;40,63947052;15,80514834;22;15;37;110;147;14;1;3;151;1254;17,0;208,0;2,0;1,0;-1,0
2020-03-28;Basilicata;40,63947052;15,80514834;26;19;45;133;178;31;1;3;182;1421;31,0;167,0;0,0;0,0;4,0
2020-03-29;Basilicata;40,63947052;15,80514834;32;18;50;147;197;19;1;4;202;1585;20,0;164,0;1,0;0,0;-1,0
2020-03-30;Basilicata;40,63947052;15,80514834;36;18;54;154;208;11;1;5;214;1833;12,0;248,0;1,0;0,0;0,0
2020-03-31;Basilicata;40,63947052;15,80514834;37;17;54;162;216;8;3;7;226;2043;12,0;210,0;2,0;2,0;-1,0
2020-04-01;Basilicata;40,63947052;15,80514834;39;15;54;171;225;9;3;9;237;2262;11,0;219,0;2,0;0,0;-2,0
2020-04-02;Basilicata;40,63947052;15,80514834;38;19;57;176;233;8;3;10;246;2427;9,0;165,0;1,0;0,0;4,0
2020-04-03;Basilicata;40,63947052;15,80514834;41;19;60;187;247;14;3;11;261;2622;15,0;195,0;1,0;0,0;0,0
2020-04-04;Basilicata;40,63947052;15,80514834;44;19;63;181;244;-3;9;11;264;2765;3,0;143,0;0,0;6,0;0,0
2020-02-24;Calabria;38,90597598;16,59440194;0;0;0;0;0;0;0;0;0;1;0,0;1,0;0,0;0,0;0,0
2020-02-25;Calabria;38,90597598;16,59440194;0;0;0;0;0;0;0;0;0;2;0,0;1,0;0,0;0,0;0,0
2020-02-26;Calabria;38,90597598;16,59440194;0;0;0;0;0;0;0;0;0;3;0,0;1,0;0,0;0,0;0,0
2020-02-27;Calabria;38,90597598;16,59440194;0;0;0;0;0;0;0;0;0;14;0,0;11,0;0,0;0,0;0,0
2020-02-28;Calabria;38,90597598;16,59440194;0;0;0;1;1;1;0;0;1;21;1,0;7,0;0,0;0,0;0,0
2020-02-29;Calabria;38,90597598;16,59440194;0;0;0;1;1;0;0;0;1;27;0,0;6,0;0,0;0,0;0,0
2020-03-01;Calabria;38,90597598;16,59440194;0;0;0;1;1;0;0;0;1;35;0,0;8,0;0,0;0,0;0,0
2020-03-02;Calabria;38,90597598;16,59440194;0;0;0;1;1;0;0;0;1;39;0,0;4,0;0,0;0,0;0,0
2020-03-03;Calabria;38,90597598;16,59440194;0;0;0;1;1;0;0;0;1;39;0,0;0,0;0,0;0,0;0,0
2020-03-04;Calabria;38,90597598;16,59440194;0;0;0;1;1;0;0;0;1;46;0,0;7,0;0,0;0,0;0,0
2020-03-05;Calabria;38,90597598;16,59440194;1;0;1;1;2;1;0;0;2;53;1,0;7,0;0,0;0,0;0,0
2020-03-06;Calabria;38,90597598;16,59440194;2;0;2;2;4;2;0;0;4;99;2,0;46,0;0,0;0,0;0,0
2020-03-07;Calabria;38,90597598;16,59440194;2;0;2;2;4;0;0;0;4;113;0,0;14,0;0,0;0,0;0,0
2020-03-08;Calabria;38,90597598;16,59440194;5;0;5;4;9;5;0;0;9;113;5,0;0,0;0,0;0,0;0,0
2020-03-09;Calabria;38,90597598;16,59440194;8;0;8;1;9;0;2;0;11;173;2,0;60,0;0,0;2,0;0,0
2020-03-10;Calabria;38,90597598;16,59440194;8;2;10;1;11;2;2;0;13;360;2,0;187,0;0,0;0,0;2,0
2020-03-11;Calabria;38,90597598;16,59440194;10;2;12;5;17;6;2;0;19;405;6,0;45,0;0,0;0,0;0,0
2020-03-12;Calabria;38,90597598;16,59440194;14;2;16;16;32;15;1;0;33;483;14,0;78,0;0,0;-1,0;0,0
2020-03-13;Calabria;38,90597598;16,59440194;18;3;21;16;37;5;1;0;38;504;5,0;21,0;0,0;0,0;1,0
2020-03-14;Calabria;38,90597598;16,59440194;22;4;26;33;59;22;1;0;60;711;22,0;207,0;0,0;0,0;1,0
2020-03-15;Calabria;38,90597598;16,59440194;32;6;38;28;66;7;1;1;68;884;8,0;173,0;1,0;0,0;2,0
2020-03-16;Calabria;38,90597598;16,59440194;36;7;43;44;87;21;1;1;89;1030;21,0;146,0;0,0;0,0;1,0
2020-03-17;Calabria;38,90597598;16,59440194;45;10;55;57;112;25;1;1;114;1293;25,0;263,0;0,0;0,0;3,0
2020-03-18;Calabria;38,90597598;16,59440194;45;11;56;70;126;14;2;1;129;1668;15,0;375,0;0,0;1,0;1,0
2020-03-19;Calabria;38,90597598;16,59440194;60;13;73;91;164;38;2;3;169;2342;40,0;674,0;2,0;0,0;2,0
2020-03-20;Calabria;38,90597598;16,59440194;71;16;87;114;201;37;2;4;207;2690;38,0;348,0;1,0;0,0;3,0
2020-03-21;Calabria;38,90597598;16,59440194;73;16;89;136;225;24;5;5;235;3050;28,0;360,0;1,0;3,0;0,0
2020-03-22;Calabria;38,90597598;16,59440194;77;17;94;166;260;35;5;8;273;3666;38,0;616,0;3,0;0,0;1,0
2020-03-23;Calabria;38,90597598;16,59440194;82;20;102;178;280;20;5;7;292;4073;19,0;407,0;-1,0;0,0;3,0
2020-03-24;Calabria;38,90597598;16,59440194;88;21;109;195;304;24;5;10;319;4486;27,0;413,0;3,0;0,0;1,0
2020-03-25;Calabria;38,90597598;16,59440194;93;23;116;217;333;29;7;11;351;5058;32,0;572,0;1,0;2,0;2,0
2020-03-26;Calabria;38,90597598;16,59440194;101;23;124;248;372;39;7;14;393;5933;42,0;875,0;3,0;0,0;0,0
2020-03-27;Calabria;38,90597598;16,59440194;103;22;125;344;469;97;7;18;494;6901;101,0;968,0;4,0;0,0;-1,0
2020-03-28;Calabria;38,90597598;16,59440194;107;22;129;394;523;54;11;21;555;7760;61,0;859,0;3,0;4,0;0,0
2020-03-29;Calabria;38,90597598;16,59440194;124;19;143;434;577;54;12;25;614;8485;59,0;725,0;4,0;1,0;-3,0
2020-03-30;Calabria;38,90597598;16,59440194;130;18;148;454;602;25;14;31;647;9013;33,0;528,0;6,0;2,0;-1,0
2020-03-31;Calabria;38,90597598;16,59440194;132;17;149;457;606;4;17;36;659;9327;12,0;314,0;5,0;3,0;-1,0
2020-04-01;Calabria;38,90597598;16,59440194;144;16;160;450;610;4;21;38;669;9983;10,0;656,0;2,0;4,0;-1,0
2020-04-02;Calabria;38,90597598;16,59440194;163;19;182;445;627;17;23;41;691;10679;22,0;696,0;3,0;2,0;3,0
2020-04-03;Calabria;38,90597598;16,59440194;183;17;200;462;662;35;26;45;733;11608;42,0;929,0;4,0;3,0;-2,0
2020-04-04;Calabria;38,90597598;16,59440194;178;15;193;469;662;0;30;49;741;12314;8,0;706,0;4,0;4,0;-2,0
2020-02-24;Campania;40,83956555;14,25084984;0;0;0;0;0;0;0;0;0;10;0,0;10,0;0,0;0,0;0,0
2020-02-25;Campania;40,83956555;14,25084984;0;0;0;0;0;0;0;0;0;10;0,0;0,0;0,0;0,0;0,0
2020-02-26;Campania;40,83956555;14,25084984;0;0;0;0;0;0;0;0;0;10;0,0;0,0;0,0;0,0;0,0
2020-02-27;Campania;40,83956555;14,25084984;2;0;2;1;3;3;0;0;3;10;3,0;0,0;0,0;0,0;0,0
2020-02-28;Campania;40,83956555;14,25084984;2;0;2;2;4;1;0;0;4;213;1,0;203,0;0,0;0,0;0,0
2020-02-29;Campania;40,83956555;14,25084984;3;0;3;10;13;9;0;0;13;373;9,0;160,0;0,0;0,0;0,0
2020-03-01;Campania;40,83956555;14,25084984;4;0;4;13;17;4;0;0;17;373;4,0;0,0;0,0;0,0;0,0
2020-03-02;Campania;40,83956555;14,25084984;4;0;4;13;17;0;0;0;17;373;0,0;0,0;0,0;0,0;0,0
2020-03-03;Campania;40,83956555;14,25084984;11;0;11;19;30;13;0;0;30;405;13,0;32,0;0,0;0,0;0,0
2020-03-04;Campania;40,83956555;14,25084984;11;0;11;20;31;1;0;0;31;429;1,0;24,0;0,0;0,0;0,0
2020-03-05;Campania;40,83956555;14,25084984;12;0;12;33;45;14;0;0;45;471;14,0;42,0;0,0;0,0;0,0
2020-03-06;Campania;40,83956555;14,25084984;12;0;12;45;57;12;0;0;57;471;12,0;0,0;0,0;0,0;0,0
2020-03-07;Campania;40,83956555;14,25084984;16;0;16;45;61;4;0;0;61;612;4,0;141,0;0,0;0,0;0,0
2020-03-08;Campania;40,83956555;14,25084984;30;7;37;63;100;39;1;0;101;980;40,0;368,0;0,0;1,0;7,0
2020-03-09;Campania;40,83956555;14,25084984;42;8;50;69;119;19;1;0;120;980;19,0;0,0;0,0;0,0;1,0
2020-03-10;Campania;40,83956555;14,25084984;33;8;41;85;126;7;1;0;127;1141;7,0;161,0;0,0;0,0;0,0
2020-03-11;Campania;40,83956555;14,25084984;56;11;67;82;149;23;4;1;154;1375;27,0;234,0;1,0;3,0;3,0
2020-03-12;Campania;40,83956555;14,25084984;56;11;67;107;174;25;4;1;179;1551;25,0;176,0;0,0;0,0;0,0
2020-03-13;Campania;40,83956555;14,25084984;60;19;79;134;213;39;5;2;220;1671;41,0;120,0;1,0;1,0;8,0
2020-03-14;Campania;40,83956555;14,25084984;72;17;89;154;243;30;23;6;272;1936;52,0;265,0;4,0;18,0;-2,0
2020-03-15;Campania;40,83956555;14,25084984;73;22;95;201;296;53;28;9;333;2213;61,0;277,0;3,0;5,0;5,0
2020-03-16;Campania;40,83956555;14,25084984;103;22;125;238;363;67;28;9;400;2517;67,0;304,0;0,0;0,0;0,0
2020-03-17;Campania;40,83956555;14,25084984;127;24;151;272;423;60;28;9;460;2685;60,0;168,0;0,0;0,0;2,0
2020-03-18;Campania;40,83956555;14,25084984;127;24;151;272;423;0;28;9;460;2685;0,0;0,0;0,0;0,0;0,0
2020-03-19;Campania;40,83956555;14,25084984;213;36;249;356;605;182;30;17;652;3544;192,0;859,0;8,0;2,0;12,0
2020-03-20;Campania;40,83956555;14,25084984;130;41;171;531;702;97;30;17;749;3845;97,0;301,0;0,0;0,0;5,0
2020-03-21;Campania;40,83956555;14,25084984;233;87;320;473;793;91;29;22;844;4448;95,0;603,0;5,0;-1,0;46,0
2020-03-22;Campania;40,83956555;14,25084984;243;99;342;524;866;73;41;29;936;4943;92,0;495,0;7,0;12,0;12,0
2020-03-23;Campania;40,83956555;14,25084984;266;110;376;553;929;63;48;49;1026;5813;90,0;870,0;20,0;7,0;11,0
2020-03-24;Campania;40,83956555;14,25084984;345;181;526;466;992;63;53;56;1101;6297;75,0;484,0;7,0;5,0;71,0
2020-03-25;Campania;40,83956555;14,25084984;318;123;441;631;1072;80;53;74;1199;6972;98,0;675,0;18,0;0,0;-58,0
2020-03-26;Campania;40,83956555;14,25084984;448;114;562;607;1169;97;58;83;1310;8346;111,0;1374,0;9,0;5,0;-9,0
2020-03-27;Campania;40,83956555;14,25084984;456;113;569;723;1292;123;64;98;1454;9613;144,0;1267,0;15,0;6,0;-1,0
2020-03-28;Campania;40,83956555;14,25084984;463;132;595;812;1407;115;76;109;1592;10616;138,0;1003,0;11,0;12,0;19,0
2020-03-29;Campania;40,83956555;14,25084984;476;135;611;945;1556;149;86;117;1759;11805;167,0;1189,0;8,0;10,0;3,0
2020-03-30;Campania;40,83956555;14,25084984;468;126;594;1145;1739;183;88;125;1952;12969;193,0;1164,0;8,0;2,0;-9,0
2020-03-31;Campania;40,83956555;14,25084984;501;133;634;1237;1871;132;88;133;2092;14403;140,0;1434,0;8,0;0,0;7,0
2020-04-01;Campania;40,83956555;14,25084984;478;129;607;1369;1976;105;107;148;2231;15728;139,0;1325,0;15,0;19,0;-4,0
2020-04-02;Campania;40,83956555;14,25084984;503;120;623;1517;2140;164;149;167;2456;17404;225,0;1676,0;19,0;42,0;-9,0
2020-04-03;Campania;40,83956555;14,25084984;532;115;647;1705;2352;212;144;181;2677;19237;221,0;1833,0;14,0;-5,0;-5,0
2020-04-04;Campania;40,83956555;14,25084984;567;114;681;1815;2496;144;146;186;2828;21534;151,0;2297,0;5,0;2,0;-1,0
2020-02-24;Emilia-Romagna;44,49436681;11,341720800000001;10;2;12;6;18;0;0;0;18;148;18,0;148,0;0,0;0,0;2,0
2020-02-25;Emilia-Romagna;44,49436681;11,341720800000001;15;2;17;9;26;8;0;0;26;391;8,0;243,0;0,0;0,0;0,0
2020-02-26;Emilia-Romagna;44,49436681;11,341720800000001;20;3;23;23;46;20;0;1;47;577;21,0;186,0;1,0;0,0;1,0
2020-02-27;Emilia-Romagna;44,49436681;11,341720800000001;36;6;42;54;96;50;0;1;97;1033;50,0;456,0;0,0;0,0;3,0
2020-02-28;Emilia-Romagna;44,49436681;11,341720800000001;56;6;62;81;143;47;0;2;145;1277;48,0;244,0;1,0;0,0;0,0
2020-02-29;Emilia-Romagna;44,49436681;11,341720800000001;86;11;97;116;213;70;0;4;217;1550;72,0;273,0;2,0;0,0;5,0
2020-03-01;Emilia-Romagna;44,49436681;11,341720800000001;127;13;140;137;277;64;0;8;285;1795;68,0;245,0;4,0;0,0;2,0
2020-03-02;Emilia-Romagna;44,49436681;11,341720800000001;148;16;164;160;324;47;0;11;335;1973;50,0;178,0;3,0;0,0;3,0
2020-03-03;Emilia-Romagna;44,49436681;11,341720800000001;187;24;211;187;398;74;4;18;420;2012;85,0;39,0;7,0;4,0;8,0
2020-03-04;Emilia-Romagna;44,49436681;11,341720800000001;256;26;282;234;516;118;6;22;544;2500;124,0;488,0;4,0;2,0;2,0
2020-03-05;Emilia-Romagna;44,49436681;11,341720800000001;327;32;359;299;658;142;10;30;698;2884;154,0;384,0;8,0;4,0;6,0
2020-03-06;Emilia-Romagna;44,49436681;11,341720800000001;397;53;450;366;816;158;17;37;870;3136;172,0;252,0;7,0;7,0;21,0
2020-03-07;Emilia-Romagna;44,49436681;11,341720800000001;464;64;528;409;937;121;25;48;1010;3604;140,0;468,0;11,0;8,0;11,0
2020-03-08;Emilia-Romagna;44,49436681;11,341720800000001;542;75;617;480;1097;160;27;56;1180;4344;170,0;740,0;8,0;2,0;11,0
2020-03-09;Emilia-Romagna;44,49436681;11,341720800000001;576;90;666;620;1286;189;30;70;1386;4906;206,0;562,0;14,0;3,0;15,0
2020-03-10;Emilia-Romagna;44,49436681;11,341720800000001;669;98;767;650;1417;131;31;85;1533;5494;147,0;588,0;15,0;1,0;8,0
2020-03-11;Emilia-Romagna;44,49436681;11,341720800000001;745;104;849;739;1588;171;38;113;1739;6640;206,0;1146,0;28,0;7,0;6,0
2020-03-12;Emilia-Romagna;44,49436681;11,341720800000001;814;112;926;832;1758;170;43;146;1947;7600;208,0;960,0;33,0;5,0;8,0
2020-03-13;Emilia-Romagna;44,49436681;11,341720800000001;942;128;1070;941;2011;253;51;201;2263;8787;316,0;1187,0;55,0;8,0;16,0
2020-03-14;Emilia-Romagna;44,49436681;11,341720800000001;1076;152;1228;1121;2349;338;54;241;2644;10043;381,0;1256,0;40,0;3,0;24,0
2020-03-15;Emilia-Romagna;44,49436681;11,341720800000001;1215;169;1384;1357;2741;392;68;284;3093;12054;449,0;2011,0;43,0;14,0;17,0
2020-03-16;Emilia-Romagna;44,49436681;11,341720800000001;1362;197;1559;1529;3088;347;88;346;3522;13096;429,0;1042,0;62,0;20,0;28,0
2020-03-17;Emilia-Romagna;44,49436681;11,341720800000001;1566;223;1789;1615;3404;316;134;393;3931;14510;409,0;1414,0;47,0;46,0;26,0
2020-03-18;Emilia-Romagna;44,49436681;11,341720800000001;1784;247;2031;1884;3915;511;152;458;4525;15461;594,0;951,0;65,0;18,0;24,0
2020-03-19;Emilia-Romagna;44,49436681;11,341720800000001;1900;260;2160;2346;4506;591;177;531;5214;18344;689,0;2883,0;73,0;25,0;13,0
2020-03-20;Emilia-Romagna;44,49436681;11,341720800000001;2083;267;2350;2739;5089;583;239;640;5968;20753;754,0;2409,0;109,0;62,0;7,0
2020-03-21;Emilia-Romagna;44,49436681;11,341720800000001;2267;265;2532;3129;5661;572;329;715;6705;24620;737,0;3867,0;75,0;90,0;-2,0
2020-03-22;Emilia-Romagna;44,49436681;11,341720800000001;2429;269;2698;3692;6390;729;349;816;7555;28022;850,0;3402,0;101,0;20,0;4,0
2020-03-23;Emilia-Romagna;44,49436681;11,341720800000001;2846;276;3122;4098;7220;830;423;892;8535;31200;980,0;3178,0;76,0;74,0;7,0
2020-03-24;Emilia-Romagna;44,49436681;11,341720800000001;2974;291;3265;4446;7711;491;558;985;9254;33527;719,0;2327,0;93,0;135,0;15,0
2020-03-25;Emilia-Romagna;44,49436681;11,341720800000001;3180;294;3474;4782;8256;545;721;1077;10054;38045;800,0;4518,0;92,0;163,0;3,0
2020-03-26;Emilia-Romagna;44,49436681;11,341720800000001;3354;301;3655;5195;8850;594;792;1174;10816;42395;762,0;4350,0;97,0;71,0;7,0
2020-03-27;Emilia-Romagna;44,49436681;11,341720800000001;3461;308;3769;5592;9361;511;960;1267;11588;47798;772,0;5403,0;93,0;168,0;7,0
2020-03-28;Emilia-Romagna;44,49436681;11,341720800000001;3695;316;4011;5953;9964;603;1075;1344;12383;52991;795,0;5193,0;77,0;115,0;8,0
2020-03-29;Emilia-Romagna;44,49436681;11,341720800000001;3769;333;4102;6433;10535;571;1141;1443;13119;52991;736,0;0,0;99,0;66,0;17,0
2020-03-30;Emilia-Romagna;44,49436681;11,341720800000001;3779;351;4130;6636;10766;231;1227;1538;13531;50990;412,0;-2001,0;95,0;86,0;18,0
2020-03-31;Emilia-Romagna;44,49436681;11,341720800000001;3765;353;4118;6835;10953;187;1477;1644;14074;54532;543,0;3542,0;106,0;250,0;2,0
2020-04-01;Emilia-Romagna;44,49436681;11,341720800000001;3898;359;4257;7232;11489;536;1566;1732;14787;58457;713,0;3925,0;88,0;89,0;6,0
2020-04-02;Emilia-Romagna;44,49436681;11,341720800000001;3944;366;4310;7549;11859;370;1663;1811;15333;60507;546,0;2050,0;79,0;97,0;7,0
2020-04-03;Emilia-Romagna;44,49436681;11,341720800000001;3915;364;4279;7899;12178;319;1852;1902;15932;63682;599,0;3175,0;91,0;189,0;-2,0
2020-04-04;Emilia-Romagna;44,49436681;11,341720800000001;3859;358;4217;8306;12523;345;2040;1977;16540;67075;608,0;3393,0;75,0;188,0;-6,0
2020-02-24;Friuli Venezia Giulia;45,6494354;13,76813649;0;0;0;0;0;0;0;0;0;58;0,0;58,0;0,0;0,0;0,0
2020-02-25;Friuli Venezia Giulia;45,6494354;13,76813649;0;0;0;0;0;0;0;0;0;89;0,0;31,0;0,0;0,0;0,0
2020-02-26;Friuli Venezia Giulia;45,6494354;13,76813649;0;0;0;0;0;0;0;0;0;114;0,0;25,0;0,0;0,0;0,0
2020-02-27;Friuli Venezia Giulia;45,6494354;13,76813649;0;0;0;0;0;0;0;0;0;141;0,0;27,0;0,0;0,0;0,0
2020-02-28;Friuli Venezia Giulia;45,6494354;13,76813649;0;0;0;0;0;0;0;0;0;169;0,0;28,0;0,0;0,0;0,0
2020-02-29;Friuli Venezia Giulia;45,6494354;13,76813649;0;0;0;0;0;0;0;0;0;189;0,0;20,0;0,0;0,0;0,0
2020-03-01;Friuli Venezia Giulia;45,6494354;13,76813649;0;0;0;6;6;6;0;0;6;243;6,0;54,0;0,0;0,0;0,0
2020-03-02;Friuli Venezia Giulia;45,6494354;13,76813649;0;0;0;9;9;3;0;0;9;269;3,0;26,0;0,0;0,0;0,0
2020-03-03;Friuli Venezia Giulia;45,6494354;13,76813649;1;0;1;12;13;4;0;0;13;354;4,0;85,0;0,0;0,0;0,0
2020-03-04;Friuli Venezia Giulia;45,6494354;13,76813649;3;0;3;15;18;5;0;0;18;376;5,0;22,0;0,0;0,0;0,0
2020-03-05;Friuli Venezia Giulia;45,6494354;13,76813649;4;0;4;17;21;3;0;0;21;397;3,0;21,0;0,0;0,0;0,0
2020-03-06;Friuli Venezia Giulia;45,6494354;13,76813649;4;0;4;24;28;7;3;0;31;577;10,0;180,0;0,0;3,0;0,0
2020-03-07;Friuli Venezia Giulia;45,6494354;13,76813649;7;1;8;31;39;11;3;0;42;577;11,0;0,0;0,0;0,0;1,0
2020-03-08;Friuli Venezia Giulia;45,6494354;13,76813649;7;1;8;45;53;14;3;1;57;997;15,0;420,0;1,0;0,0;0,0
2020-03-09;Friuli Venezia Giulia;45,6494354;13,76813649;18;1;19;70;89;36;3;1;93;1344;36,0;347,0;0,0;0,0;0,0
2020-03-10;Friuli Venezia Giulia;45,6494354;13,76813649;27;6;33;77;110;21;3;3;116;1602;23,0;258,0;2,0;0,0;5,0
2020-03-11;Friuli Venezia Giulia;45,6494354;13,76813649;16;5;21;89;110;0;10;6;126;2073;10,0;471,0;3,0;7,0;-1,0
2020-03-12;Friuli Venezia Giulia;45,6494354;13,76813649;23;10;33;115;148;38;11;8;167;2604;41,0;531,0;2,0;1,0;5,0
2020-03-13;Friuli Venezia Giulia;45,6494354;13,76813649;59;8;67;169;236;88;11;10;257;3149;90,0;545,0;2,0;0,0;-2,0
2020-03-14;Friuli Venezia Giulia;45,6494354;13,76813649;67;11;78;193;271;35;17;13;301;3376;44,0;227,0;3,0;6,0;3,0
2020-03-15;Friuli Venezia Giulia;45,6494354;13,76813649;98;12;110;206;316;45;17;14;347;3407;46,0;31,0;1,0;0,0;1,0
2020-03-16;Friuli Venezia Giulia;45,6494354;13,76813649;96;19;115;231;346;30;18;22;386;4851;39,0;1444,0;8,0;1,0;7,0
2020-03-17;Friuli Venezia Giulia;45,6494354;13,76813649;104;21;125;222;347;1;17;30;394;4958;8,0;107,0;8,0;-1,0;2,0
2020-03-18;Friuli Venezia Giulia;45,6494354;13,76813649;128;27;155;261;416;69;15;31;462;4958;68,0;0,0;1,0;-2,0;6,0
2020-03-19;Friuli Venezia Giulia;45,6494354;13,76813649;134;29;163;359;522;106;41;36;599;4052;137,0;-906,0;5,0;26,0;2,0
2020-03-20;Friuli Venezia Giulia;45,6494354;13,76813649;143;32;175;380;555;33;63;38;656;4964;57,0;912,0;2,0;22,0;3,0
2020-03-21;Friuli Venezia Giulia;45,6494354;13,76813649;152;37;189;477;666;111;82;42;790;5955;134,0;991,0;4,0;19,0;5,0
2020-03-22;Friuli Venezia Giulia;45,6494354;13,76813649;163;47;210;528;738;72;89;47;874;6761;84,0;806,0;5,0;7,0;10,0
2020-03-23;Friuli Venezia Giulia;45,6494354;13,76813649;185;41;226;545;771;33;105;54;930;7424;56,0;663,0;7,0;16,0;-6,0
2020-03-24;Friuli Venezia Giulia;45,6494354;13,76813649;195;49;244;604;848;77;80;64;992;8526;62,0;1102,0;10,0;-25,0;8,0
2020-03-25;Friuli Venezia Giulia;45,6494354;13,76813649;200;52;252;659;911;63;158;70;1139;9494;147,0;968,0;6,0;78,0;3,0
2020-03-26;Friuli Venezia Giulia;45,6494354;13,76813649;212;54;266;688;954;43;197;72;1223;10721;84,0;1227,0;2,0;39,0;2,0
2020-03-27;Friuli Venezia Giulia;45,6494354;13,76813649;222;57;279;748;1027;73;214;76;1317;11841;94,0;1120,0;4,0;17,0;3,0
2020-03-28;Friuli Venezia Giulia;45,6494354;13,76813649;223;59;282;838;1120;93;229;87;1436;12723;119,0;882,0;11,0;15,0;2,0
2020-03-29;Friuli Venezia Giulia;45,6494354;13,76813649;236;60;296;845;1141;21;241;98;1480;13397;44,0;674,0;11,0;12,0;1,0
2020-03-30;Friuli Venezia Giulia;45,6494354;13,76813649;229;60;289;820;1109;-32;285;107;1501;14003;21,0;606,0;9,0;44,0;0,0
2020-03-31;Friuli Venezia Giulia;45,6494354;13,76813649;215;60;275;885;1160;51;320;113;1593;14899;92,0;896,0;6,0;35,0;0,0
2020-04-01;Friuli Venezia Giulia;45,6494354;13,76813649;206;60;266;940;1206;46;357;122;1685;15987;92,0;1088,0;9,0;37,0;0,0
2020-04-02;Friuli Venezia Giulia;45,6494354;13,76813649;199;60;259;1035;1294;88;376;129;1799;17121;114,0;1134,0;7,0;19,0;0,0
2020-04-03;Friuli Venezia Giulia;45,6494354;13,76813649;201;61;262;1062;1324;30;419;136;1879;19985;80,0;2864,0;7,0;43,0;1,0
2020-04-04;Friuli Venezia Giulia;45,6494354;13,76813649;183;50;233;1103;1336;12;505;145;1986;21126;107,0;1141,0;9,0;86,0;-11,0
2020-02-24;Lazio;41,89277044;12,48366722;1;1;2;0;2;0;1;0;3;124;3,0;124,0;0,0;1,0;1,0
2020-02-25;Lazio;41,89277044;12,48366722;1;1;2;0;2;0;1;0;3;124;0,0;0,0;0,0;0,0;0,0
2020-02-26;Lazio;41,89277044;12,48366722;0;0;0;0;0;-2;3;0;3;124;0,0;0,0;0,0;2,0;-1,0
2020-02-27;Lazio;41,89277044;12,48366722;0;0;0;0;0;0;3;0;3;552;0,0;428,0;0,0;0,0;0,0
2020-02-28;Lazio;41,89277044;12,48366722;0;0;0;0;0;0;3;0;3;611;0,0;59,0;0,0;0,0;0,0
2020-02-29;Lazio;41,89277044;12,48366722;3;0;3;0;3;3;3;0;6;679;3,0;68,0;0,0;0,0;0,0
2020-03-01;Lazio;41,89277044;12,48366722;3;0;3;0;3;0;3;0;6;724;0,0;45,0;0,0;0,0;0,0
2020-03-02;Lazio;41,89277044;12,48366722;3;0;3;1;4;1;3;0;7;773;1,0;49,0;0,0;0,0;0,0
2020-03-03;Lazio;41,89277044;12,48366722;10;0;10;1;11;7;3;0;14;877;7,0;104,0;0,0;0,0;0,0
2020-03-04;Lazio;41,89277044;12,48366722;15;3;18;9;27;16;3;0;30;995;16,0;118,0;0,0;0,0;3,0
2020-03-05;Lazio;41,89277044;12,48366722;20;7;27;14;41;14;3;0;44;1175;14,0;180,0;0,0;0,0;4,0
2020-03-06;Lazio;41,89277044;12,48366722;26;8;34;16;50;9;3;1;54;1373;10,0;198,0;1,0;0,0;1,0
2020-03-07;Lazio;41,89277044;12,48366722;43;8;51;21;72;22;3;1;76;1582;22,0;209,0;0,0;0,0;0,0
2020-03-08;Lazio;41,89277044;12,48366722;47;8;55;26;81;9;3;3;87;1929;11,0;347,0;2,0;0,0;0,0
2020-03-09;Lazio;41,89277044;12,48366722;55;8;63;31;94;13;3;5;102;1929;15,0;0,0;2,0;0,0;0,0
2020-03-10;Lazio;41,89277044;12,48366722;50;15;65;34;99;5;11;6;116;3591;14,0;1662,0;1,0;8,0;7,0
2020-03-11;Lazio;41,89277044;12,48366722;67;18;85;40;125;26;19;6;150;3591;34,0;0,0;0,0;8,0;3,0
2020-03-12;Lazio;41,89277044;12,48366722;85;20;105;67;172;47;19;9;200;5592;50,0;2001,0;3,0;0,0;2,0
2020-03-13;Lazio;41,89277044;12,48366722;122;24;146;96;242;70;24;11;277;6491;77,0;899,0;2,0;5,0;4,0
2020-03-14;Lazio;41,89277044;12,48366722;181;25;206;114;320;78;24;13;357;7335;80,0;844,0;2,0;0,0;1,0
2020-03-15;Lazio;41,89277044;12,48366722;223;31;254;142;396;76;24;16;436;8345;79,0;1010,0;3,0;0,0;6,0
2020-03-16;Lazio;41,89277044;12,48366722;267;31;298;174;472;76;32;19;523;9330;87,0;985,0;3,0;8,0;0,0
2020-03-17;Lazio;41,89277044;12,48366722;314;44;358;192;550;78;34;23;607;9436;84,0;106,0;4,0;2,0;13,0
2020-03-18;Lazio;41,89277044;12,48366722;374;44;418;232;650;100;42;32;724;11145;117,0;1709,0;9,0;8,0;0,0
2020-03-19;Lazio;41,89277044;12,48366722;426;45;471;270;741;91;44;38;823;11145;99,0;0,0;6,0;2,0;1,0
2020-03-20;Lazio;41,89277044;12,48366722;537;47;584;328;912;171;53;43;1008;13889;185,0;2744,0;5,0;9,0;2,0
2020-03-21;Lazio;41,89277044;12,48366722;591;70;661;425;1086;174;54;50;1190;13889;182,0;0,0;7,0;1,0;23,0
2020-03-22;Lazio;41,89277044;12,48366722;671;79;750;522;1272;186;58;53;1383;17845;193,0;3956,0;3,0;4,0;9,0
2020-03-23;Lazio;41,89277044;12,48366722;718;96;814;600;1414;142;63;63;1540;18371;157,0;526,0;10,0;5,0;17,0
2020-03-24;Lazio;41,89277044;12,48366722;747;94;841;704;1545;131;103;80;1728;18371;188,0;0,0;17,0;40,0;-2,0
2020-03-25;Lazio;41,89277044;12,48366722;805;101;906;769;1675;130;131;95;1901;20669;173,0;2298,0;15,0;28,0;7,0
2020-03-26;Lazio;41,89277044;12,48366722;878;113;991;844;1835;160;155;106;2096;22771;195,0;2102,0;11,0;24,0;12,0
2020-03-27;Lazio;41,89277044;12,48366722;992;126;1118;895;2013;178;164;118;2295;24106;199,0;1335,0;12,0;9,0;13,0
2020-03-28;Lazio;41,89277044;12,48366722;985;133;1118;1063;2181;168;200;124;2505;27179;210,0;3073,0;6,0;36,0;7,0
2020-03-29;Lazio;41,89277044;12,48366722;1062;133;1195;1167;2362;181;208;136;2706;27744;201,0;565,0;12,0;8,0;0,0
2020-03-30;Lazio;41,89277044;12,48366722;1079;154;1233;1264;2497;135;267;150;2914;32846;208,0;5102,0;14,0;59,0;21,0
2020-03-31;Lazio;41,89277044;12,48366722;1127;173;1300;1342;2642;145;291;162;3095;34677;181,0;1831,0;12,0;24,0;19,0
2020-04-01;Lazio;41,89277044;12,48366722;1131;177;1308;1450;2758;116;337;169;3264;35810;169,0;1133,0;7,0;46,0;4,0
2020-04-02;Lazio;41,89277044;12,48366722;1169;181;1350;1529;2879;121;369;185;3433;41575;169,0;5765,0;16,0;32,0;4,0
2020-04-03;Lazio;41,89277044;12,48366722;1194;188;1382;1627;3009;130;392;199;3600;43776;167,0;2201,0;14,0;23,0;7,0
2020-04-04;Lazio;41,89277044;12,48366722;1236;193;1429;1677;3106;97;439;212;3757;44624;157,0;848,0;13,0;47,0;5,0
2020-02-24;Liguria;44,41149315;8,9326992;0;0;0;0;0;0;0;0;0;1;0,0;1,0;0,0;0,0;0,0
2020-02-25;Liguria;44,41149315;8,9326992;1;0;1;0;1;1;0;0;1;39;1,0;38,0;0,0;0,0;0,0
2020-02-26;Liguria;44,41149315;8,9326992;6;0;6;5;11;10;0;0;11;66;10,0;27,0;0,0;0,0;0,0
2020-02-27;Liguria;44,41149315;8,9326992;9;0;9;10;19;8;0;0;19;78;8,0;12,0;0,0;0,0;0,0
2020-02-28;Liguria;44,41149315;8,9326992;9;0;9;10;19;0;0;0;19;112;0,0;34,0;0,0;0,0;0,0
2020-02-29;Liguria;44,41149315;8,9326992;4;1;5;33;38;19;4;0;42;121;23,0;9,0;0,0;4,0;1,0
2020-03-01;Liguria;44,41149315;8,9326992;12;1;13;8;21;-17;4;0;25;121;-17,0;0,0;0,0;0,0;0,0
2020-03-02;Liguria;44,41149315;8,9326992;12;1;13;5;18;-3;4;0;22;121;-3,0;0,0;0,0;0,0;0,0
2020-03-03;Liguria;44,41149315;8,9326992;12;2;14;5;19;1;4;1;24;121;2,0;0,0;1,0;0,0;1,0
2020-03-04;Liguria;44,41149315;8,9326992;10;3;13;8;21;2;4;1;26;133;2,0;12,0;0,0;0,0;1,0
2020-03-05;Liguria;44,41149315;8,9326992;11;3;14;7;21;0;4;3;28;146;2,0;13,0;2,0;0,0;0,0
2020-03-06;Liguria;44,41149315;8,9326992;12;5;17;7;24;3;5;3;32;229;4,0;83,0;0,0;1,0;2,0
2020-03-07;Liguria;44,41149315;8,9326992;26;6;32;10;42;18;5;4;51;331;19,0;102,0;1,0;0,0;1,0
2020-03-08;Liguria;44,41149315;8,9326992;39;11;50;17;67;25;5;6;78;401;27,0;70,0;2,0;0,0;5,0
2020-03-09;Liguria;44,41149315;8,9326992;60;17;77;20;97;30;5;7;109;611;31,0;210,0;1,0;0,0;6,0
2020-03-10;Liguria;44,41149315;8,9326992;57;29;86;42;128;31;5;8;141;694;32,0;83,0;1,0;0,0;12,0
2020-03-11;Liguria;44,41149315;8,9326992;74;34;108;73;181;53;5;8;194;1025;53,0;331,0;0,0;0,0;5,0
2020-03-12;Liguria;44,41149315;8,9326992;100;36;136;107;243;62;20;11;274;1174;80,0;149,0;3,0;15,0;2,0
2020-03-13;Liguria;44,41149315;8,9326992;128;44;172;132;304;61;24;17;345;1442;71,0;268,0;6,0;4,0;8,0
2020-03-14;Liguria;44,41149315;8,9326992;213;62;275;109;384;80;52;27;463;1750;118,0;308,0;10,0;28,0;18,0
2020-03-15;Liguria;44,41149315;8,9326992;253;66;319;174;493;109;33;33;559;1973;96,0;223,0;6,0;-19,0;4,0
2020-03-16;Liguria;44,41149315;8,9326992;255;73;328;247;575;82;42;50;667;2189;108,0;216,0;17,0;9,0;7,0
2020-03-17;Liguria;44,41149315;8,9326992;299;85;384;277;661;86;57;60;778;2509;111,0;320,0;10,0;15,0;12,0
2020-03-18;Liguria;44,41149315;8,9326992;401;100;501;243;744;83;70;73;887;2912;109,0;403,0;13,0;13,0;15,0
2020-03-19;Liguria;44,41149315;8,9326992;491;112;603;280;883;139;85;91;1059;3348;172,0;436,0;18,0;15,0;12,0
2020-03-20;Liguria;44,41149315;8,9326992;573;121;694;307;1001;118;101;119;1221;3794;162,0;446,0;28,0;16,0;9,0
2020-03-21;Liguria;44,41149315;8,9326992;598;129;727;432;1159;158;125;152;1436;4304;215,0;510,0;33,0;24,0;8,0
2020-03-22;Liguria;44,41149315;8,9326992;736;132;868;483;1351;192;143;171;1665;4995;229,0;691,0;19,0;18,0;3,0
2020-03-23;Liguria;44,41149315;8,9326992;761;133;894;659;1553;202;159;212;1924;5538;259,0;543,0;41,0;16,0;1,0
2020-03-24;Liguria;44,41149315;8,9326992;803;147;950;742;1692;139;193;231;2116;5992;192,0;454,0;19,0;34,0;14,0
2020-03-25;Liguria;44,41149315;8,9326992;927;147;1074;752;1826;134;225;254;2305;6602;189,0;610,0;23,0;32,0;0,0
2020-03-26;Liguria;44,41149315;8,9326992;998;154;1152;875;2027;201;260;280;2567;7304;262,0;702,0;26,0;35,0;7,0
2020-03-27;Liguria;44,41149315;8,9326992;1023;157;1180;880;2060;33;305;331;2696;7804;129,0;500,0;51,0;45,0;3,0
2020-03-28;Liguria;44,41149315;8,9326992;1031;167;1198;888;2086;26;378;358;2822;8177;126,0;373,0;27,0;73,0;10,0
2020-03-29;Liguria;44,41149315;8,9326992;1077;166;1243;1036;2279;193;420;377;3076;9100;254,0;923,0;19,0;42,0;-1,0
2020-03-30;Liguria;44,41149315;8,9326992;1142;175;1317;1066;2383;104;437;397;3217;9677;141,0;577,0;20,0;17,0;9,0
2020-03-31;Liguria;44,41149315;8,9326992;1153;179;1332;1176;2508;125;480;428;3416;10376;199,0;699,0;31,0;43,0;4,0
2020-04-01;Liguria;44,41149315;8,9326992;1114;179;1293;1352;2645;137;555;460;3660;11334;244,0;958,0;32,0;75,0;0,0
2020-04-02;Liguria;44,41149315;8,9326992;1120;172;1292;1368;2660;15;634;488;3782;12069;122,0;735,0;28,0;79,0;-7,0
2020-04-03;Liguria;44,41149315;8,9326992;1147;173;1320;1426;2746;86;700;519;3965;12934;183,0;865,0;31,0;66,0;1,0
2020-04-04;Liguria;44,41149315;8,9326992;1121;169;1290;1604;2894;148;767;542;4203;14087;238,0;1153,0;23,0;67,0;-4,0
2020-02-24;Lombardia;45,46679409;9,190347404;76;19;95;71;166;0;0;6;172;1463;172,0;1463,0;6,0;0,0;19,0
2020-02-25;Lombardia;45,46679409;9,190347404;79;25;104;127;231;65;0;9;240;3700;68,0;2237,0;3,0;0,0;6,0
2020-02-26;Lombardia;45,46679409;9,190347404;79;25;104;145;249;18;0;9;258;3208;18,0;-492,0;0,0;0,0;0,0
2020-02-27;Lombardia;45,46679409;9,190347404;172;41;213;136;349;100;40;14;403;3320;145,0;112,0;5,0;40,0;16,0
2020-02-28;Lombardia;45,46679409;9,190347404;235;47;282;192;474;125;40;17;531;4835;128,0;1515,0;3,0;0,0;6,0
2020-02-29;Lombardia;45,46679409;9,190347404;256;80;336;216;552;78;40;23;615;5723;84,0;888,0;6,0;0,0;33,0
2020-03-01;Lombardia;45,46679409;9,190347404;406;106;512;375;887;335;73;24;984;6879;369,0;1156,0;1,0;33,0;26,0
2020-03-02;Lombardia;45,46679409;9,190347404;478;127;605;472;1077;190;139;38;1254;7925;270,0;1046,0;14,0;66,0;21,0
2020-03-03;Lombardia;45,46679409;9,190347404;698;167;865;461;1326;249;139;55;1520;9577;266,0;1652,0;17,0;0,0;40,0
2020-03-04;Lombardia;45,46679409;9,190347404;877;209;1086;411;1497;171;250;73;1820;12138;300,0;2561,0;18,0;111,0;42,0
2020-03-05;Lombardia;45,46679409;9,190347404;1169;244;1413;364;1777;280;376;98;2251;12354;431,0;216,0;25,0;126,0;35,0
2020-03-06;Lombardia;45,46679409;9,190347404;1622;309;1931;77;2008;231;469;135;2612;13556;361,0;1202,0;37,0;93,0;65,0
2020-03-07;Lombardia;45,46679409;9,190347404;1661;359;2020;722;2742;734;524;154;3420;15778;808,0;2222,0;19,0;55,0;50,0
2020-03-08;Lombardia;45,46679409;9,190347404;2217;399;2616;756;3372;630;550;267;4189;18534;769,0;2756,0;113,0;26,0;40,0
2020-03-09;Lombardia;45,46679409;9,190347404;2802;440;3242;1248;4490;1118;646;333;5469;20135;1280,0;1601,0;66,0;96,0;41,0
2020-03-10;Lombardia;45,46679409;9,190347404;3319;466;3785;642;4427;-63;896;468;5791;21479;322,0;1344,0;135,0;250,0;26,0
2020-03-11;Lombardia;45,46679409;9,190347404;3852;560;4412;1351;5763;1336;900;617;7280;25629;1489,0;4150,0;149,0;4,0;94,0
2020-03-12;Lombardia;45,46679409;9,190347404;4247;605;4852;2044;6896;1133;1085;744;8725;29534;1445,0;3905,0;127,0;185,0;45,0
2020-03-13;Lombardia;45,46679409;9,190347404;4435;650;5085;2647;7732;836;1198;890;9820;32700;1095,0;3166,0;146,0;113,0;45,0
2020-03-14;Lombardia;45,46679409;9,190347404;4898;732;5630;3429;9059;1327;1660;966;11685;37138;1865,0;4438,0;76,0;462,0;82,0
2020-03-15;Lombardia;45,46679409;9,190347404;5500;767;6267;3776;10043;984;2011;1218;13272;40369;1587,0;3231,0;252,0;351,0;35,0
2020-03-16;Lombardia;45,46679409;9,190347404;6171;823;6994;3867;10861;818;2368;1420;14649;43565;1377,0;3196,0;202,0;357,0;56,0
2020-03-17;Lombardia;45,46679409;9,190347404;6953;879;7832;4263;12095;1234;2485;1640;16220;46449;1571,0;2884,0;220,0;117,0;56,0
2020-03-18;Lombardia;45,46679409;9,190347404;7285;924;8209;4057;12266;171;3488;1959;17713;48983;1493,0;2534,0;319,0;1003,0;45,0
2020-03-19;Lombardia;45,46679409;9,190347404;7387;1006;8393;5545;13938;1672;3778;2168;19884;52244;2171,0;3261,0;209,0;290,0;82,0
2020-03-20;Lombardia;45,46679409;9,190347404;7735;1050;8785;6635;15420;1482;4295;2549;22264;57174;2380,0;4930,0;381,0;517,0;44,0
2020-03-21;Lombardia;45,46679409;9,190347404;8258;1093;9351;8019;17370;1950;5050;3095;25515;66730;3251,0;9556,0;546,0;755,0;43,0
2020-03-22;Lombardia;45,46679409;9,190347404;9439;1142;10581;7304;17885;515;5865;3456;27206;70598;1691,0;3868,0;361,0;815,0;49,0
2020-03-23;Lombardia;45,46679409;9,190347404;9266;1183;10449;8461;18910;1025;6075;3776;28761;73242;1555,0;2644,0;320,0;210,0;41,0
2020-03-24;Lombardia;45,46679409;9,190347404;9711;1194;10905;8963;19868;958;6657;4178;30703;76695;1942,0;3453,0;402,0;582,0;11,0
2020-03-25;Lombardia;45,46679409;9,190347404;10026;1236;11262;9329;20591;723;7281;4474;32346;81666;1643,0;4971,0;296,0;624,0;42,0
2020-03-26;Lombardia;45,46679409;9,190347404;10681;1263;11944;10245;22189;1598;7839;4861;34889;87713;2543,0;6047,0;387,0;558,0;27,0
2020-03-27;Lombardia;45,46679409;9,190347404;11137;1292;12429;11466;23895;1706;8001;5402;37298;95860;2409,0;8147,0;541,0;162,0;29,0
2020-03-28;Lombardia;45,46679409;9,190347404;11152;1319;12471;12038;24509;614;8962;5944;39415;102503;2117,0;6643,0;542,0;961,0;27,0
2020-03-29;Lombardia;45,46679409;9,190347404;11613;1328;12941;12451;25392;883;9255;6360;41007;107398;1592,0;4895,0;416,0;293,0;9,0
2020-03-30;Lombardia;45,46679409;9,190347404;11815;1330;13145;11861;25006;-386;10337;6818;42161;111057;1154,0;3659,0;458,0;1082,0;2,0
2020-03-31;Lombardia;45,46679409;9,190347404;11883;1324;13207;11917;25124;118;10885;7199;43208;114640;1047,0;3583,0;381,0;548,0;-6,0
2020-04-01;Lombardia;45,46679409;9,190347404;11927;1342;13269;12496;25765;641;11415;7593;44773;121449;1565,0;6809,0;394,0;530,0;18,0
2020-04-02;Lombardia;45,46679409;9,190347404;11762;1351;13113;12763;25876;111;12229;7960;46065;128286;1292,0;6837,0;367,0;814,0;9,0
2020-04-03;Lombardia;45,46679409;9,190347404;11802;1381;13183;13006;26189;313;13020;8311;47520;135051;1455,0;6765,0;351,0;791,0;30,0
2020-04-04;Lombardia;45,46679409;9,190347404;12002;1326;13328;13892;27220;1031;13242;8656;49118;141877;1598,0;6826,0;345,0;222,0;-55,0
2020-02-24;Marche;43,61675973;13,5188753;0;0;0;0;0;0;0;0;0;16;0,0;16,0;0,0;0,0;0,0
2020-02-25;Marche;43,61675973;13,5188753;0;0;0;0;0;0;0;0;0;21;0,0;5,0;0,0;0,0;0,0
2020-02-26;Marche;43,61675973;13,5188753;1;0;1;0;1;1;0;0;1;28;1,0;7,0;0,0;0,0;0,0
2020-02-27;Marche;43,61675973;13,5188753;2;1;3;0;3;2;0;0;3;46;2,0;18,0;0,0;0,0;1,0
2020-02-28;Marche;43,61675973;13,5188753;3;2;5;1;6;3;0;0;6;47;3,0;1,0;0,0;0,0;1,0
2020-02-29;Marche;43,61675973;13,5188753;6;2;8;3;11;5;0;0;11;68;5,0;21,0;0,0;0,0;0,0
2020-03-01;Marche;43,61675973;13,5188753;12;5;17;8;25;14;0;0;25;101;14,0;33,0;0,0;0,0;3,0
2020-03-02;Marche;43,61675973;13,5188753;17;6;23;11;34;9;0;1;35;137;10,0;36,0;1,0;0,0;1,0
2020-03-03;Marche;43,61675973;13,5188753;27;13;40;19;59;25;0;2;61;200;26,0;63,0;1,0;0,0;7,0
2020-03-04;Marche;43,61675973;13,5188753;34;15;49;31;80;21;0;4;84;288;23,0;88,0;2,0;0,0;2,0
2020-03-05;Marche;43,61675973;13,5188753;57;19;76;44;120;40;0;4;124;413;40,0;125,0;0,0;0,0;4,0
2020-03-06;Marche;43,61675973;13,5188753;73;20;93;62;155;35;0;4;159;585;35,0;172,0;0,0;0,0;1,0
2020-03-07;Marche;43,61675973;13,5188753;94;36;130;71;201;46;0;6;207;816;48,0;231,0;2,0;0,0;16,0
2020-03-08;Marche;43,61675973;13,5188753;110;41;151;114;265;64;0;7;272;1025;65,0;209,0;1,0;0,0;5,0
2020-03-09;Marche;43,61675973;13,5188753;136;47;183;130;313;48;0;10;323;1250;51,0;225,0;3,0;0,0;6,0
2020-03-10;Marche;43,61675973;13,5188753;152;54;206;175;381;68;0;13;394;1437;71,0;187,0;3,0;0,0;7,0
2020-03-11;Marche;43,61675973;13,5188753;212;66;278;183;461;80;0;18;479;1656;85,0;219,0;5,0;0,0;12,0
2020-03-12;Marche;43,61675973;13,5188753;254;76;330;240;570;109;0;22;592;1907;113,0;251,0;4,0;0,0;10,0
2020-03-13;Marche;43,61675973;13,5188753;337;85;422;276;698;128;0;27;725;2218;133,0;311,0;5,0;0,0;9,0
2020-03-14;Marche;43,61675973;13,5188753;449;93;542;321;863;165;0;36;899;2561;174,0;343,0;9,0;0,0;8,0
2020-03-15;Marche;43,61675973;13,5188753;521;98;619;468;1087;224;0;46;1133;2946;234,0;385,0;10,0;0,0;5,0
2020-03-16;Marche;43,61675973;13,5188753;528;110;638;547;1185;98;0;57;1242;3225;109,0;279,0;11,0;0,0;12,0
2020-03-17;Marche;43,61675973;13,5188753;599;109;708;594;1302;117;0;69;1371;3225;129,0;0,0;12,0;0,0;-1,0
2020-03-18;Marche;43,61675973;13,5188753;638;119;757;719;1476;174;0;92;1568;4109;197,0;884,0;23,0;0,0;10,0
2020-03-19;Marche;43,61675973;13,5188753;656;141;797;825;1622;146;0;115;1737;4512;169,0;403,0;23,0;0,0;22,0
2020-03-20;Marche;43,61675973;13,5188753;704;138;842;1002;1844;222;0;137;1981;5170;244,0;658,0;22,0;0,0;-3,0
2020-03-21;Marche;43,61675973;13,5188753;742;141;883;1114;1997;153;2;154;2153;5740;172,0;570,0;17,0;2,0;3,0
2020-03-22;Marche;43,61675973;13,5188753;816;138;954;1277;2231;234;6;184;2421;6391;268,0;651,0;30,0;4,0;-3,0
2020-03-23;Marche;43,61675973;13,5188753;882;148;1030;1328;2358;127;8;203;2569;6782;148,0;391,0;19,0;2,0;10,0
2020-03-24;Marche;43,61675973;13,5188753;862;149;1011;1486;2497;139;8;231;2736;7229;167,0;447,0;28,0;0,0;1,0
2020-03-25;Marche;43,61675973;13,5188753;938;148;1086;1553;2639;142;8;287;2934;7896;198,0;667,0;56,0;0,0;-1,0
2020-03-26;Marche;43,61675973;13,5188753;977;166;1143;1652;2795;156;9;310;3114;8623;180,0;727,0;23,0;1,0;18,0
2020-03-27;Marche;43,61675973;13,5188753;979;162;1141;1709;2850;55;10;336;3196;9060;82,0;437,0;26,0;1,0;-4,0
2020-03-28;Marche;43,61675973;13,5188753;987;166;1153;1846;2999;149;10;364;3373;9884;177,0;824,0;28,0;0,0;4,0
2020-03-29;Marche;43,61675973;13,5188753;1000;168;1168;1992;3160;161;12;386;3558;10431;185,0;547,0;22,0;2,0;2,0
2020-03-30;Marche;43,61675973;13,5188753;998;167;1165;2086;3251;91;16;417;3684;10979;126,0;548,0;31,0;4,0;-1,0
2020-03-31;Marche;43,61675973;13,5188753;946;169;1115;2237;3352;101;21;452;3825;11724;141,0;745,0;35,0;5,0;2,0
2020-04-01;Marche;43,61675973;13,5188753;984;168;1152;2304;3456;104;29;477;3962;12296;137,0;572,0;25,0;8,0;-1,0
2020-04-02;Marche;43,61675973;13,5188753;986;164;1150;2405;3555;99;40;503;4098;12943;136,0;647,0;26,0;11,0;-4,0
2020-04-03;Marche;43,61675973;13,5188753;982;158;1140;2491;3631;76;42;557;4230;13678;132,0;735,0;54,0;2,0;-6,0
2020-04-04;Marche;43,61675973;13,5188753;997;153;1150;2347;3497;-134;270;574;4341;14472;111,0;794,0;17,0;228,0;-5,0
2020-02-24;Molise;41,55774754;14,65916051;0;0;0;0;0;0;0;0;0;0;0,0;0,0;0,0;0,0;0,0
2020-02-25;Molise;41,55774754;14,65916051;0;0;0;0;0;0;0;0;0;0;0,0;0,0;0,0;0,0;0,0
2020-02-26;Molise;41,55774754;14,65916051;0;0;0;0;0;0;0;0;0;0;0,0;0,0;0,0;0,0;0,0
2020-02-27;Molise;41,55774754;14,65916051;0;0;0;0;0;0;0;0;0;0;0,0;0,0;0,0;0,0;0,0
2020-02-28;Molise;41,55774754;14,65916051;0;0;0;0;0;0;0;0;0;0;0,0;0,0;0,0;0,0;0,0
2020-02-29;Molise;41,55774754;14,65916051;0;0;0;0;0;0;0;0;0;0;0,0;0,0;0,0;0,0;0,0
2020-03-01;Molise;41,55774754;14,65916051;0;0;0;0;0;0;0;0;0;6;0,0;6,0;0,0;0,0;0,0
2020-03-02;Molise;41,55774754;14,65916051;0;0;0;0;0;0;0;0;0;13;0,0;7,0;0,0;0,0;0,0
2020-03-03;Molise;41,55774754;14,65916051;3;0;3;0;3;3;0;0;3;13;3,0;0,0;0,0;0,0;0,0
2020-03-04;Molise;41,55774754;14,65916051;3;0;3;0;3;0;0;0;3;19;0,0;6,0;0,0;0,0;0,0
2020-03-05;Molise;41,55774754;14,65916051;4;0;4;3;7;4;0;0;7;24;4,0;5,0;0,0;0,0;0,0
2020-03-06;Molise;41,55774754;14,65916051;3;2;5;7;12;5;0;0;12;104;5,0;80,0;0,0;0,0;2,0
2020-03-07;Molise;41,55774754;14,65916051;3;2;5;9;14;2;0;0;14;112;2,0;8,0;0,0;0,0;0,0
2020-03-08;Molise;41,55774754;14,65916051;4;2;6;8;14;0;0;0;14;116;0,0;4,0;0,0;0,0;0,0
2020-03-09;Molise;41,55774754;14,65916051;4;2;6;8;14;0;0;0;14;212;0,0;96,0;0,0;0,0;0,0
2020-03-10;Molise;41,55774754;14,65916051;3;3;6;9;15;1;0;0;15;225;1,0;13,0;0,0;0,0;1,0
2020-03-11;Molise;41,55774754;14,65916051;4;3;7;9;16;1;0;0;16;233;1,0;8,0;0,0;0,0;0,0
2020-03-12;Molise;41,55774754;14,65916051;4;3;7;9;16;0;0;0;16;238;0,0;5,0;0,0;0,0;0,0
2020-03-13;Molise;41,55774754;14,65916051;5;3;8;9;17;1;0;0;17;243;1,0;5,0;0,0;0,0;0,0
2020-03-14;Molise;41,55774754;14,65916051;5;3;8;9;17;0;0;0;17;247;0,0;4,0;0,0;0,0;0,0
2020-03-15;Molise;41,55774754;14,65916051;3;4;7;10;17;0;0;0;17;248;0,0;1,0;0,0;0,0;1,0
2020-03-16;Molise;41,55774754;14,65916051;3;5;8;7;15;-2;5;1;21;253;4,0;5,0;1,0;5,0;1,0
2020-03-17;Molise;41,55774754;14,65916051;7;5;12;7;19;4;5;1;25;301;4,0;48,0;0,0;0,0;0,0
2020-03-18;Molise;41,55774754;14,65916051;7;6;13;8;21;2;6;1;28;361;3,0;60,0;0,0;1,0;1,0
2020-03-19;Molise;41,55774754;14,65916051;19;6;25;13;38;17;6;2;46;426;18,0;65,0;1,0;0,0;0,0
2020-03-20;Molise;41,55774754;14,65916051;20;6;26;13;39;1;6;5;50;426;4,0;0,0;3,0;0,0;0,0
2020-03-21;Molise;41,55774754;14,65916051;21;6;27;20;47;8;7;7;61;449;11,0;23,0;2,0;1,0;0,0
2020-03-22;Molise;41,55774754;14,65916051;24;7;31;21;52;5;7;7;66;532;5,0;83,0;0,0;0,0;1,0
2020-03-23;Molise;41,55774754;14,65916051;25;7;32;18;50;-2;10;7;67;532;1,0;0,0;0,0;3,0;0,0
2020-03-24;Molise;41,55774754;14,65916051;27;7;34;21;55;5;10;8;73;572;6,0;40,0;1,0;0,0;0,0
2020-03-25;Molise;41,55774754;14,65916051;26;7;33;20;53;-2;12;8;73;580;0,0;8,0;0,0;2,0;0,0
2020-03-26;Molise;41,55774754;14,65916051;27;8;35;46;81;28;14;8;103;670;30,0;90,0;0,0;2,0;1,0
2020-03-27;Molise;41,55774754;14,65916051;26;9;35;51;86;5;14;9;109;710;6,0;40,0;1,0;0,0;1,0
2020-03-28;Molise;41,55774754;14,65916051;26;9;35;63;98;12;16;9;123;807;14,0;97,0;0,0;2,0;0,0
2020-03-29;Molise;41,55774754;14,65916051;25;9;34;66;100;2;18;9;127;918;4,0;111,0;0,0;2,0;0,0
2020-03-30;Molise;41,55774754;14,65916051;27;8;35;72;107;7;18;9;134;955;7,0;37,0;0,0;0,0;-1,0
2020-03-31;Molise;41,55774754;14,65916051;29;8;37;80;117;10;18;9;144;1049;10,0;94,0;0,0;0,0;0,0
2020-04-01;Molise;41,55774754;14,65916051;32;8;40;91;131;14;19;10;160;1157;16,0;108,0;1,0;1,0;0,0
2020-04-02;Molise;41,55774754;14,65916051;30;8;38;95;133;2;21;11;165;1229;5,0;72,0;1,0;2,0;0,0
2020-04-03;Molise;41,55774754;14,65916051;31;8;39;105;144;11;21;11;176;1378;11,0;149,0;0,0;0,0;0,0
2020-04-04;Molise;41,55774754;14,65916051;31;6;37;134;171;27;24;11;206;1504;30,0;126,0;0,0;3,0;-2,0
2020-02-24;Trentino-Alto Adige;46,49933453;11,35662422;0;0;0;0;0;0;0;0;0;1;0,0;1,0;0,0;0,0;0,0
2020-02-25;Trentino-Alto Adige;46,49933453;11,35662422;1;0;1;0;1;1;0;0;1;1;1,0;0,0;0,0;0,0;0,0
2020-02-26;Trentino-Alto Adige;46,49933453;11,35662422;1;0;1;0;1;0;0;0;1;1;0,0;0,0;0,0;0,0;0,0
2020-02-27;Trentino-Alto Adige;46,49933453;11,35662422;1;0;1;0;1;0;0;0;1;2;0,0;1,0;0,0;0,0;0,0
2020-02-28;Trentino-Alto Adige;46,49933453;11,35662422;1;0;1;0;1;0;0;0;1;2;0,0;0,0;0,0;0,0;0,0
2020-02-29;Trentino-Alto Adige;46,49933453;11,35662422;1;0;1;0;1;0;0;0;1;16;0,0;14,0;0,0;0,0;0,0
2020-03-01;Trentino-Alto Adige;46,49933453;11,35662422;1;0;1;0;1;0;0;0;1;20;0,0;4,0;0,0;0,0;0,0
2020-03-02;Trentino-Alto Adige;46,49933453;11,35662422;1;0;1;0;1;0;0;0;1;20;0,0;0,0;0,0;0,0;0,0
2020-03-03;Trentino-Alto Adige;46,49933453;11,35662422;1;0;1;0;1;0;0;0;1;20;0,0;0,0;0,0;0,0;0,0
2020-03-04;Trentino-Alto Adige;46,49933453;11,35662422;1;0;1;0;1;0;0;0;1;20;0,0;0,0;0,0;0,0;0,0
2020-03-05;Trentino-Alto Adige;46,49933453;11,35662422;1;0;1;0;1;0;0;0;1;20;0,0;0,0;0,0;0,0;0,0
2020-03-06;Trentino-Alto Adige;46,49933453;11,35662422;4;0;4;0;4;3;0;0;4;36;3,0;16,0;0,0;0,0;0,0
2020-03-07;Trentino-Alto Adige;46,49933453;11,35662422;8;0;8;1;9;5;0;0;9;36;5,0;0,0;0,0;0,0;0,0
2020-03-08;Trentino-Alto Adige;46,49933453;11,35662422;8;0;8;1;9;0;0;0;9;36;0,0;0,0;0,0;0,0;0,0
2020-03-09;Trentino-Alto Adige;46,49933453;11,35662422;8;0;8;1;9;0;0;0;9;36;0,0;0,0;0,0;0,0;0,0
2020-03-10;Trentino-Alto Adige;46,49933453;11,35662422;17;1;18;20;38;29;0;0;38;36;29,0;0,0;0,0;0,0;1,0
2020-03-11;Trentino-Alto Adige;46,49933453;11,35662422;8;4;12;63;75;37;0;0;75;75;37,0;39,0;0,0;0,0;3,0
2020-03-12;Trentino-Alto Adige;46,49933453;11,35662422;21;4;25;78;103;28;0;1;104;607;29,0;532,0;1,0;0,0;0,0
2020-03-13;Trentino-Alto Adige;46,49933453;11,35662422;20;5;25;98;123;20;0;2;125;811;21,0;204,0;1,0;0,0;1,0
2020-03-14;Trentino-Alto Adige;46,49933453;11,35662422;26;7;33;137;170;47;0;3;173;1135;48,0;324,0;1,0;0,0;2,0
2020-03-15;Trentino-Alto Adige;46,49933453;11,35662422;50;4;54;145;199;29;0;5;204;1497;31,0;362,0;2,0;0,0;-3,0
2020-03-16;Trentino-Alto Adige;46,49933453;11,35662422;53;11;64;171;235;36;0;6;241;1740;37,0;243,0;1,0;0,0;7,0
2020-03-17;Trentino-Alto Adige;46,49933453;11,35662422;71;11;82;200;282;47;1;8;291;2149;50,0;409,0;2,0;1,0;0,0
2020-03-18;Trentino-Alto Adige;46,49933453;11,35662422;79;18;97;269;366;84;1;9;376;2844;85,0;695,0;1,0;0,0;7,0
2020-03-19;Trentino-Alto Adige;46,49933453;11,35662422;87;18;105;316;421;55;1;14;436;3568;60,0;724,0;5,0;0,0;0,0
2020-03-20;Trentino-Alto Adige;46,49933453;11,35662422;99;24;123;407;530;109;1;17;548;4433;112,0;865,0;3,0;0,0;6,0
2020-03-21;Trentino-Alto Adige;46,49933453;11,35662422;127;30;157;443;600;70;1;20;621;5179;73,0;746,0;3,0;0,0;6,0
2020-03-22;Trentino-Alto Adige;46,49933453;11,35662422;146;32;178;470;648;48;7;23;678;5718;57,0;539,0;3,0;6,0;2,0
2020-03-23;Trentino-Alto Adige;46,49933453;11,35662422;145;33;178;510;688;40;7;29;724;6084;46,0;366,0;6,0;0,0;1,0
2020-03-24;Trentino-Alto Adige;46,49933453;11,35662422;166;38;204;495;699;11;44;38;781;6509;57,0;425,0;9,0;37,0;5,0
2020-03-25;Trentino-Alto Adige;46,49933453;11,35662422;190;40;230;518;748;49;67;43;858;6649;77,0;140,0;5,0;23,0;2,0
2020-03-26;Trentino-Alto Adige;46,49933453;11,35662422;223;43;266;525;791;43;67;48;906;7744;48,0;1095,0;5,0;0,0;3,0
2020-03-27;Trentino-Alto Adige;46,49933453;11,35662422;249;45;294;539;833;42;110;60;1003;8520;97,0;776,0;12,0;43,0;2,0
2020-03-28;Trentino-Alto Adige;46,49933453;11,35662422;225;51;276;653;929;96;116;64;1109;9168;106,0;648,0;4,0;6,0;6,0
2020-03-29;Trentino-Alto Adige;46,49933453;11,35662422;234;56;290;744;1034;105;116;64;1214;10137;105,0;969,0;0,0;0,0;5,0
2020-03-30;Trentino-Alto Adige;46,49933453;11,35662422;231;62;293;805;1098;64;153;74;1325;10640;111,0;503,0;10,0;37,0;6,0
2020-03-31;Trentino-Alto Adige;46,49933453;11,35662422;249;62;311;831;1142;44;153;76;1371;11275;46,0;635,0;2,0;0,0;0,0
2020-04-01;Trentino-Alto Adige;46,49933453;11,35662422;269;57;326;786;1112;-30;190;116;1418;11951;47,0;676,0;40,0;37,0;-5,0
2020-04-02;Trentino-Alto Adige;46,49933453;11,35662422;279;60;339;821;1160;48;190;129;1479;12677;61,0;726,0;13,0;0,0;3,0
2020-04-03;Trentino-Alto Adige;46,49933453;11,35662422;291;60;351;858;1209;49;211;139;1559;13976;80,0;1299,0;10,0;21,0;0,0
2020-04-04;Trentino-Alto Adige;46,49933453;11,35662422;291;61;352;849;1201;-8;245;146;1592;15045;33,0;1069,0;7,0;34,0;1,0
2020-02-24;Trentino-Alto Adige;46,06893511;11,12123097;0;0;0;0;0;0;0;0;0;3;0,0;3,0;0,0;0,0;0,0
2020-02-25;Trentino-Alto Adige;46,06893511;11,12123097;0;0;0;0;0;0;0;0;0;3;0,0;0,0;0,0;0,0;0,0
2020-02-26;Trentino-Alto Adige;46,06893511;11,12123097;0;0;0;0;0;0;0;0;0;3;0,0;0,0;0,0;0,0;0,0
2020-02-27;Trentino-Alto Adige;46,06893511;11,12123097;0;0;0;0;0;0;0;0;0;32;0,0;29,0;0,0;0,0;0,0
2020-02-28;Trentino-Alto Adige;46,06893511;11,12123097;0;0;0;0;0;0;0;0;0;32;0,0;0,0;0,0;0,0;0,0
2020-02-29;Trentino-Alto Adige;46,06893511;11,12123097;0;0;0;0;0;0;0;0;0;43;0,0;11,0;0,0;0,0;0,0
2020-03-01;Trentino-Alto Adige;46,06893511;11,12123097;0;0;0;0;0;0;0;0;0;122;0,0;79,0;0,0;0,0;0,0
2020-03-02;Trentino-Alto Adige;46,06893511;11,12123097;0;0;0;0;0;0;0;0;0;122;0,0;0,0;0,0;0,0;0,0
2020-03-03;Trentino-Alto Adige;46,06893511;11,12123097;1;0;1;3;4;4;0;0;4;122;4,0;0,0;0,0;0,0;0,0
2020-03-04;Trentino-Alto Adige;46,06893511;11,12123097;1;0;1;4;5;1;0;0;5;122;1,0;0,0;0,0;0,0;0,0
2020-03-05;Trentino-Alto Adige;46,06893511;11,12123097;2;0;2;5;7;2;0;0;7;122;2,0;0,0;0,0;0,0;0,0
2020-03-06;Trentino-Alto Adige;46,06893511;11,12123097;4;0;4;6;10;3;0;0;10;122;3,0;0,0;0,0;0,0;0,0
2020-03-07;Trentino-Alto Adige;46,06893511;11,12123097;6;1;7;7;14;4;0;0;14;194;4,0;72,0;0,0;0,0;1,0
2020-03-08;Trentino-Alto Adige;46,06893511;11,12123097;7;2;9;14;23;9;0;0;23;228;9,0;34,0;0,0;0,0;1,0
2020-03-09;Trentino-Alto Adige;46,06893511;11,12123097;10;2;12;21;33;10;0;0;33;267;10,0;39,0;0,0;0,0;0,0
2020-03-10;Trentino-Alto Adige;46,06893511;11,12123097;19;3;22;28;50;17;2;0;52;399;19,0;132,0;0,0;2,0;1,0
2020-03-11;Trentino-Alto Adige;46,06893511;11,12123097;28;4;32;42;74;24;3;0;77;527;25,0;128,0;0,0;1,0;1,0
2020-03-12;Trentino-Alto Adige;46,06893511;11,12123097;43;5;48;54;102;28;4;1;107;593;30,0;66,0;1,0;1,0;1,0
2020-03-13;Trentino-Alto Adige;46,06893511;11,12123097;58;6;64;93;157;55;4;2;163;846;56,0;253,0;1,0;0,0;1,0
2020-03-14;Trentino-Alto Adige;46,06893511;11,12123097;68;12;80;119;199;42;5;2;206;1006;43,0;160,0;0,0;1,0;6,0
2020-03-15;Trentino-Alto Adige;46,06893511;11,12123097;73;19;92;275;367;168;5;6;378;1006;172,0;0,0;4,0;0,0;7,0
2020-03-16;Trentino-Alto Adige;46,06893511;11,12123097;73;19;92;275;367;0;5;6;378;1006;0,0;0,0;0,0;0,0;0,0
2020-03-17;Trentino-Alto Adige;46,06893511;11,12123097;107;22;129;239;368;1;10;7;385;1727;7,0;721,0;1,0;5,0;3,0
2020-03-18;Trentino-Alto Adige;46,06893511;11,12123097;141;22;163;273;436;68;12;7;455;2187;70,0;460,0;0,0;2,0;0,0
2020-03-19;Trentino-Alto Adige;46,06893511;11,12123097;169;30;199;292;491;55;20;12;523;2203;68,0;16,0;5,0;8,0;8,0
2020-03-20;Trentino-Alto Adige;46,06893511;11,12123097;198;34;232;368;600;109;29;13;642;2656;119,0;453,0;1,0;9,0;4,0
2020-03-21;Trentino-Alto Adige;46,06893511;11,12123097;233;39;272;448;720;120;34;28;782;2656;140,0;0,0;15,0;5,0;5,0
2020-03-22;Trentino-Alto Adige;46,06893511;11,12123097;235;46;281;604;885;165;34;35;954;3050;172,0;394,0;7,0;0,0;7,0
2020-03-23;Trentino-Alto Adige;46,06893511;11,12123097;249;46;295;619;914;29;68;41;1023;3150;69,0;100,0;6,0;34,0;0,0
2020-03-24;Trentino-Alto Adige;46,06893511;11,12123097;308;49;357;618;975;61;79;56;1110;3712;87,0;562,0;15,0;11,0;3,0
2020-03-25;Trentino-Alto Adige;46,06893511;11,12123097;308;65;373;685;1058;83;90;74;1222;4114;112,0;402,0;18,0;11,0;16,0
2020-03-26;Trentino-Alto Adige;46,06893511;11,12123097;300;66;366;728;1094;36;117;86;1297;4600;75,0;486,0;12,0;27,0;1,0
2020-03-27;Trentino-Alto Adige;46,06893511;11,12123097;341;66;407;757;1164;70;125;102;1391;4923;94,0;323,0;16,0;8,0;0,0
2020-03-28;Trentino-Alto Adige;46,06893511;11,12123097;351;72;423;811;1234;70;151;120;1505;5561;114,0;638,0;18,0;26,0;6,0
2020-03-29;Trentino-Alto Adige;46,06893511;11,12123097;356;75;431;862;1293;59;172;129;1594;5950;89,0;389,0;9,0;21,0;3,0
2020-03-30;Trentino-Alto Adige;46,06893511;11,12123097;353;78;431;926;1357;64;178;147;1682;6377;88,0;427,0;18,0;6,0;3,0
2020-03-31;Trentino-Alto Adige;46,06893511;11,12123097;354;80;434;955;1389;32;193;164;1746;6973;64,0;596,0;17,0;15,0;2,0
2020-04-01;Trentino-Alto Adige;46,06893511;11,12123097;345;76;421;1062;1483;94;214;173;1870;7675;124,0;702,0;9,0;21,0;-4,0
2020-04-02;Trentino-Alto Adige;46,06893511;11,12123097;339;78;417;1170;1587;104;229;187;2003;8496;133,0;821,0;14,0;15,0;2,0
2020-04-03;Trentino-Alto Adige;46,06893511;11,12123097;343;80;423;1236;1659;72;246;204;2109;8993;106,0;497,0;17,0;17,0;2,0
2020-04-04;Trentino-Alto Adige;46,06893511;11,12123097;353;81;434;1319;1753;94;257;210;2220;9863;111,0;870,0;6,0;11,0;1,0
2020-02-24;Piemonte;45,0732745;7,680687483;2;0;2;1;3;0;0;0;3;141;3,0;141,0;0,0;0,0;0,0
2020-02-25;Piemonte;45,0732745;7,680687483;2;0;2;1;3;0;0;0;3;141;0,0;0,0;0,0;0,0;0,0
2020-02-26;Piemonte;45,0732745;7,680687483;2;0;2;1;3;0;0;0;3;156;0,0;15,0;0,0;0,0;0,0
2020-02-27;Piemonte;45,0732745;7,680687483;2;0;2;0;2;-1;0;0;2;156;-1,0;0,0;0,0;0,0;0,0
2020-02-28;Piemonte;45,0732745;7,680687483;7;0;7;4;11;9;0;0;11;227;9,0;71,0;0,0;0,0;0,0
2020-02-29;Piemonte;45,0732745;7,680687483;7;0;7;4;11;0;0;0;11;308;0,0;81,0;0,0;0,0;0,0
2020-03-01;Piemonte;45,0732745;7,680687483;11;2;13;36;49;38;0;0;49;362;38,0;54,0;0,0;0,0;2,0
2020-03-02;Piemonte;45,0732745;7,680687483;12;2;14;37;51;2;0;0;51;434;2,0;72,0;0,0;0,0;0,0
2020-03-03;Piemonte;45,0732745;7,680687483;13;3;16;40;56;5;0;0;56;458;5,0;24,0;0,0;0,0;1,0
2020-03-04;Piemonte;45,0732745;7,680687483;26;13;39;43;82;26;0;0;82;543;26,0;85,0;0,0;0,0;10,0
2020-03-05;Piemonte;45,0732745;7,680687483;43;17;60;46;106;24;0;2;108;543;26,0;0,0;2,0;0,0;4,0
2020-03-06;Piemonte;45,0732745;7,680687483;57;30;87;52;139;33;0;4;143;793;35,0;250,0;2,0;0,0;13,0
2020-03-07;Piemonte;45,0732745;7,680687483;110;38;148;54;202;63;0;5;207;1046;64,0;253,0;1,0;0,0;8,0
2020-03-08;Piemonte;45,0732745;7,680687483;245;45;290;65;355;153;0;5;360;1636;153,0;590,0;0,0;0,0;7,0
2020-03-09;Piemonte;45,0732745;7,680687483;222;50;272;65;337;-18;0;13;350;1681;-10,0;45,0;8,0;0,0;5,0
2020-03-10;Piemonte;45,0732745;7,680687483;306;66;372;64;436;99;0;17;453;2374;103,0;693,0;4,0;0,0;16,0
2020-03-11;Piemonte;45,0732745;7,680687483;319;75;394;86;480;44;0;21;501;2431;48,0;57,0;4,0;0,0;9,0
2020-03-12;Piemonte;45,0732745;7,680687483;368;97;465;89;554;74;0;26;580;2879;79,0;448,0;5,0;0,0;22,0
2020-03-13;Piemonte;45,0732745;7,680687483;556;135;691;103;794;240;0;46;840;3105;260,0;226,0;20,0;0,0;38,0
2020-03-14;Piemonte;45,0732745;7,680687483;538;150;688;126;814;20;0;59;873;3680;33,0;575,0;13,0;0,0;15,0
2020-03-15;Piemonte;45,0732745;7,680687483;726;171;897;133;1030;216;0;81;1111;4375;238,0;695,0;22,0;0,0;21,0
2020-03-16;Piemonte;45,0732745;7,680687483;1045;186;1231;174;1405;375;0;111;1516;5588;405,0;1213,0;30,0;0,0;15,0
2020-03-17;Piemonte;45,0732745;7,680687483;1378;206;1584;180;1764;359;0;133;1897;6543;381,0;955,0;22,0;0,0;20,0
2020-03-18;Piemonte;45,0732745;7,680687483;1780;227;2007;180;2187;423;0;154;2341;7516;444,0;973,0;21,0;0,0;21,0
2020-03-19;Piemonte;45,0732745;7,680687483;2279;257;2536;218;2754;567;3;175;2932;8853;591,0;1337,0;21,0;3,0;30,0
2020-03-20;Piemonte;45,0732745;7,680687483;1541;280;1821;1423;3244;490;8;209;3461;9975;529,0;1122,0;34,0;5,0;23,0
2020-03-21;Piemonte;45,0732745;7,680687483;1976;301;2277;1229;3506;262;8;238;3752;10701;291,0;726,0;29,0;0,0;21,0
2020-03-22;Piemonte;45,0732745;7,680687483;2118;308;2426;1701;4127;621;10;283;4420;12701;668,0;2000,0;45,0;2,0;7,0
2020-03-23;Piemonte;45,0732745;7,680687483;2194;343;2537;1992;4529;402;17;315;4861;13560;441,0;859,0;32,0;7,0;35,0
2020-03-24;Piemonte;45,0732745;7,680687483;2404;360;2764;2360;5124;595;17;374;5515;15469;654,0;1909,0;59,0;0,0;17,0
2020-03-25;Piemonte;45,0732745;7,680687483;2544;381;2925;2631;5556;432;19;449;6024;16655;509,0;1186,0;75,0;2,0;21,0
2020-03-26;Piemonte;45,0732745;7,680687483;2633;408;3041;2909;5950;394;135;449;6534;18054;510,0;1399,0;0,0;116,0;27,0
2020-03-27;Piemonte;45,0732745;7,680687483;2852;431;3283;3064;6347;397;176;569;7092;19705;558,0;1651,0;120,0;41,0;23,0
2020-03-28;Piemonte;45,0732745;7,680687483;3094;439;3533;3318;6851;504;203;617;7671;21511;579,0;1806,0;48,0;27,0;8,0
2020-03-29;Piemonte;45,0732745;7,680687483;2985;443;3428;3840;7268;417;254;684;8206;24058;535,0;2547,0;67,0;51,0;4,0
2020-03-30;Piemonte;45,0732745;7,680687483;2985;452;3437;4218;7655;387;308;749;8712;25478;506,0;1420,0;65,0;54,0;9,0
2020-03-31;Piemonte;45,0732745;7,680687483;3174;452;3626;4456;8082;427;365;854;9301;27658;589,0;2180,0;105,0;57,0;0,0
2020-04-01;Piemonte;45,0732745;7,680687483;3146;453;3599;4871;8470;388;439;886;9795;30060;494,0;2402,0;32,0;74,0;1,0
2020-04-02;Piemonte;45,0732745;7,680687483;3341;453;3794;5005;8799;329;571;983;10353;32100;558,0;2040,0;97,0;132,0;0,0
2020-04-03;Piemonte;45,0732745;7,680687483;3300;452;3752;5378;9130;331;723;1043;10896;34281;543,0;2181,0;60,0;152,0;-1,0
2020-04-04;Piemonte;45,0732745;7,680687483;3441;450;3891;5802;9693;563;888;1128;11709;37181;813,0;2900,0;85,0;165,0;-2,0
2020-02-24;Puglia;41,12559576;16,86736689;0;0;0;0;0;0;0;0;0;0;0,0;0,0;0,0;0,0;0,0
2020-02-25;Puglia;41,12559576;16,86736689;0;0;0;0;0;0;0;0;0;0;0,0;0,0;0,0;0,0;0,0
2020-02-26;Puglia;41,12559576;16,86736689;0;0;0;0;0;0;0;0;0;0;0,0;0,0;0,0;0,0;0,0
2020-02-27;Puglia;41,12559576;16,86736689;1;0;1;0;1;1;0;0;1;0;1,0;0,0;0,0;0,0;0,0
2020-02-28;Puglia;41,12559576;16,86736689;1;0;1;2;3;2;0;0;3;242;2,0;242,0;0,0;0,0;0,0
2020-02-29;Puglia;41,12559576;16,86736689;1;0;1;2;3;0;0;0;3;252;0,0;10,0;0,0;0,0;0,0
2020-03-01;Puglia;41,12559576;16,86736689;1;0;1;2;3;0;0;0;3;262;0,0;10,0;0,0;0,0;0,0
2020-03-02;Puglia;41,12559576;16,86736689;2;0;2;2;4;1;0;0;4;278;1,0;16,0;0,0;0,0;0,0
2020-03-03;Puglia;41,12559576;16,86736689;2;0;2;4;6;2;0;0;6;298;2,0;20,0;0,0;0,0;0,0
2020-03-04;Puglia;41,12559576;16,86736689;4;0;4;3;7;1;1;1;9;322;3,0;24,0;1,0;1,0;0,0
2020-03-05;Puglia;41,12559576;16,86736689;5;1;6;6;12;5;1;1;14;359;5,0;37,0;0,0;0,0;1,0
2020-03-06;Puglia;41,12559576;16,86736689;5;1;6;9;15;3;1;1;17;395;3,0;36,0;0,0;0,0;0,0
2020-03-07;Puglia;41,12559576;16,86736689;9;2;11;12;23;8;1;2;26;395;9,0;0,0;1,0;0,0;1,0
2020-03-08;Puglia;41,12559576;16,86736689;17;3;20;16;36;13;1;3;40;627;14,0;232,0;1,0;0,0;1,0
2020-03-09;Puglia;41,12559576;16,86736689;20;6;26;20;46;10;1;3;50;685;10,0;58,0;0,0;0,0;3,0
2020-03-10;Puglia;41,12559576;16,86736689;28;6;34;21;55;9;1;3;59;747;9,0;62,0;0,0;0,0;0,0
2020-03-11;Puglia;41,12559576;16,86736689;38;4;42;29;71;16;1;5;77;909;18,0;162,0;2,0;0,0;-2,0
2020-03-12;Puglia;41,12559576;16,86736689;58;2;60;38;98;27;1;5;104;1269;27,0;360,0;0,0;0,0;-2,0
2020-03-13;Puglia;41,12559576;16,86736689;77;2;79;42;121;23;3;5;129;1449;25,0;180,0;0,0;2,0;0,0
2020-03-14;Puglia;41,12559576;16,86736689;91;6;97;59;156;35;2;8;166;1681;37,0;232,0;3,0;-1,0;4,0
2020-03-15;Puglia;41,12559576;16,86736689;116;6;122;90;212;56;2;16;230;2017;64,0;336,0;8,0;0,0;0,0
2020-03-16;Puglia;41,12559576;16,86736689;116;6;122;90;212;0;2;16;230;2017;0,0;0,0;0,0;0,0;0,0
2020-03-17;Puglia;41,12559576;16,86736689;155;14;169;151;320;108;2;18;340;3077;110,0;1060,0;2,0;0,0;8,0
2020-03-18;Puglia;41,12559576;16,86736689;156;30;186;176;362;42;2;19;383;3433;43,0;356,0;1,0;0,0;16,0
2020-03-19;Puglia;41,12559576;16,86736689;173;31;204;245;449;87;4;25;478;4046;95,0;613,0;6,0;2,0;1,0
2020-03-20;Puglia;41,12559576;16,86736689;191;31;222;329;551;102;4;26;581;4789;103,0;743,0;1,0;0,0;0,0
2020-03-21;Puglia;41,12559576;16,86736689;209;33;242;400;642;91;4;29;675;5617;94,0;828,0;3,0;0,0;2,0
2020-03-22;Puglia;41,12559576;16,86736689;252;37;289;459;748;106;7;31;786;6160;111,0;543,0;2,0;3,0;4,0
2020-03-23;Puglia;41,12559576;16,86736689;285;45;330;532;862;114;7;37;906;6761;120,0;601,0;6,0;0,0;8,0
2020-03-24;Puglia;41,12559576;16,86736689;317;57;374;566;940;78;21;44;1005;7345;99,0;584,0;7,0;14,0;12,0
2020-03-25;Puglia;41,12559576;16,86736689;349;64;413;610;1023;83;22;48;1093;8223;88,0;878,0;4,0;1,0;7,0
2020-03-26;Puglia;41,12559576;16,86736689;480;76;556;539;1095;72;22;65;1182;9191;89,0;968,0;17,0;0,0;12,0
2020-03-27;Puglia;41,12559576;16,86736689;530;82;612;624;1236;141;29;69;1334;10233;152,0;1042,0;4,0;7,0;6,0
2020-03-28;Puglia;41,12559576;16,86736689;563;98;661;697;1358;122;29;71;1458;11500;124,0;1267,0;2,0;0,0;16,0
2020-03-29;Puglia;41,12559576;16,86736689;559;99;658;774;1432;74;31;86;1549;12361;91,0;861,0;15,0;2,0;1,0
2020-03-30;Puglia;41,12559576;16,86736689;590;106;696;889;1585;153;36;91;1712;13117;163,0;756,0;5,0;5,0;7,0
2020-03-31;Puglia;41,12559576;16,86736689;609;105;714;940;1654;69;39;110;1803;14073;91,0;956,0;19,0;3,0;-1,0
2020-04-01;Puglia;41,12559576;16,86736689;637;107;744;1012;1756;102;61;129;1946;15209;143,0;1136,0;19,0;22,0;2,0
2020-04-02;Puglia;41,12559576;16,86736689;645;118;763;1101;1864;108;69;144;2077;16554;131,0;1345,0;15,0;8,0;11,0
2020-04-03;Puglia;41,12559576;16,86736689;648;123;771;1178;1949;85;69;164;2182;17924;105,0;1370,0;20,0;0,0;5,0
2020-04-04;Puglia;41,12559576;16,86736689;627;153;780;1193;1973;24;94;173;2240;18977;58,0;1053,0;9,0;25,0;30,0
2020-02-24;Sardegna;39,21531192;9,110616306;0;0;0;0;0;0;0;0;0;1;0,0;1,0;0,0;0,0;0,0
2020-02-25;Sardegna;39,21531192;9,110616306;0;0;0;0;0;0;0;0;0;1;0,0;0,0;0,0;0,0;0,0
2020-02-26;Sardegna;39,21531192;9,110616306;0;0;0;0;0;0;0;0;0;1;0,0;0,0;0,0;0,0;0,0
2020-02-27;Sardegna;39,21531192;9,110616306;0;0;0;0;0;0;0;0;0;1;0,0;0,0;0,0;0,0;0,0
2020-02-28;Sardegna;39,21531192;9,110616306;0;0;0;0;0;0;0;0;0;1;0,0;0,0;0,0;0,0;0,0
2020-02-29;Sardegna;39,21531192;9,110616306;0;0;0;0;0;0;0;0;0;1;0,0;0,0;0,0;0,0;0,0
2020-03-01;Sardegna;39,21531192;9,110616306;0;0;0;0;0;0;0;0;0;29;0,0;28,0;0,0;0,0;0,0
2020-03-02;Sardegna;39,21531192;9,110616306;0;0;0;0;0;0;0;0;0;29;0,0;0,0;0,0;0,0;0,0
2020-03-03;Sardegna;39,21531192;9,110616306;1;0;1;0;1;1;0;0;1;29;1,0;0,0;0,0;0,0;0,0
2020-03-04;Sardegna;39,21531192;9,110616306;1;0;1;1;2;1;0;0;2;42;1,0;13,0;0,0;0,0;0,0
2020-03-05;Sardegna;39,21531192;9,110616306;2;0;2;0;2;0;0;0;2;50;0,0;8,0;0,0;0,0;0,0
2020-03-06;Sardegna;39,21531192;9,110616306;2;0;2;3;5;3;0;0;5;99;3,0;49,0;0,0;0,0;0,0
2020-03-07;Sardegna;39,21531192;9,110616306;2;0;2;3;5;0;0;0;5;99;0,0;0,0;0,0;0,0;0,0
2020-03-08;Sardegna;39,21531192;9,110616306;5;0;5;6;11;6;0;0;11;149;6,0;50,0;0,0;0,0;0,0
2020-03-09;Sardegna;39,21531192;9,110616306;8;0;8;11;19;8;0;0;19;185;8,0;36,0;0,0;0,0;0,0
2020-03-10;Sardegna;39,21531192;9,110616306;9;0;9;11;20;1;0;0;20;204;1,0;19,0;0,0;0,0;0,0
2020-03-11;Sardegna;39,21531192;9,110616306;10;0;10;27;37;17;0;0;37;283;17,0;79,0;0,0;0,0;0,0
2020-03-12;Sardegna;39,21531192;9,110616306;12;0;12;27;39;2;0;0;39;302;2,0;19,0;0,0;0,0;0,0
2020-03-13;Sardegna;39,21531192;9,110616306;12;0;12;31;43;4;0;0;43;504;4,0;202,0;0,0;0,0;0,0
2020-03-14;Sardegna;39,21531192;9,110616306;14;0;14;33;47;4;0;0;47;530;4,0;26,0;0,0;0,0;0,0
2020-03-15;Sardegna;39,21531192;9,110616306;16;0;16;59;75;28;0;2;77;613;30,0;83,0;2,0;0,0;0,0
2020-03-16;Sardegna;39,21531192;9,110616306;39;0;39;66;105;30;0;2;107;797;30,0;184,0;0,0;0,0;0,0
2020-03-17;Sardegna;39,21531192;9,110616306;36;4;40;75;115;10;0;2;117;1003;10,0;206,0;0,0;0,0;4,0
2020-03-18;Sardegna;39,21531192;9,110616306;42;7;49;83;132;17;0;2;134;1135;17,0;132,0;0,0;0,0;3,0
2020-03-19;Sardegna;39,21531192;9,110616306;43;9;52;152;204;72;0;2;206;1334;72,0;199,0;0,0;0,0;2,0
2020-03-20;Sardegna;39,21531192;9,110616306;56;15;71;217;288;84;3;2;293;1912;87,0;578,0;0,0;3,0;6,0
2020-03-21;Sardegna;39,21531192;9,110616306;65;16;81;240;321;33;5;4;330;2297;37,0;385,0;2,0;2,0;1,0
2020-03-22;Sardegna;39,21531192;9,110616306;67;16;83;244;327;6;5;7;339;2402;9,0;105,0;3,0;0,0;0,0
2020-03-23;Sardegna;39,21531192;9,110616306;76;18;94;249;343;16;5;11;359;2568;20,0;166,0;4,0;0,0;2,0
2020-03-24;Sardegna;39,21531192;9,110616306;80;19;99;296;395;52;11;15;421;2859;62,0;291,0;4,0;6,0;1,0
2020-03-25;Sardegna;39,21531192;9,110616306;82;19;101;311;412;17;12;18;442;3019;21,0;160,0;3,0;1,0;0,0
2020-03-26;Sardegna;39,21531192;9,110616306;92;20;112;350;462;50;13;19;494;3461;52,0;442,0;1,0;1,0;1,0
2020-03-27;Sardegna;39,21531192;9,110616306;93;19;112;384;496;34;13;21;530;3801;36,0;340,0;2,0;0,0;-1,0
2020-03-28;Sardegna;39,21531192;9,110616306;95;22;117;452;569;73;29;26;624;4225;94,0;424,0;5,0;16,0;3,0
2020-03-29;Sardegna;39,21531192;9,110616306;105;23;128;454;582;13;29;27;638;4598;14,0;373,0;1,0;0,0;1,0
2020-03-30;Sardegna;39,21531192;9,110616306;113;24;137;485;622;40;32;28;682;4993;44,0;395,0;1,0;3,0;1,0
2020-03-31;Sardegna;39,21531192;9,110616306;113;28;141;516;657;35;34;31;722;5257;40,0;264,0;3,0;2,0;4,0
2020-04-01;Sardegna;39,21531192;9,110616306;119;27;146;529;675;18;36;34;745;5501;23,0;244,0;3,0;2,0;-1,0
2020-04-02;Sardegna;39,21531192;9,110616306;117;24;141;577;718;43;36;40;794;5970;49,0;469,0;6,0;0,0;-3,0
2020-04-03;Sardegna;39,21531192;9,110616306;122;24;146;598;744;26;40;41;825;6478;31,0;508,0;1,0;4,0;0,0
2020-04-04;Sardegna;39,21531192;9,110616306;123;24;147;642;789;45;44;41;874;6789;49,0;311,0;0,0;4,0;0,0
2020-02-24;Sicilia;38,11569725;13,362356699999998;0;0;0;0;0;0;0;0;0;5;0,0;5,0;0,0;0,0;0,0
2020-02-25;Sicilia;38,11569725;13,362356699999998;1;0;1;2;3;3;0;0;3;5;3,0;0,0;0,0;0,0;0,0
2020-02-26;Sicilia;38,11569725;13,362356699999998;1;0;1;2;3;0;0;0;3;5;0,0;0,0;0,0;0,0;0,0
2020-02-27;Sicilia;38,11569725;13,362356699999998;1;0;1;1;2;-1;2;0;4;5;1,0;0,0;0,0;2,0;0,0
2020-02-28;Sicilia;38,11569725;13,362356699999998;1;0;1;1;2;0;2;0;4;5;0,0;0,0;0,0;0,0;0,0
2020-02-29;Sicilia;38,11569725;13,362356699999998;1;0;1;1;2;0;2;0;4;6;0,0;1,0;0,0;0,0;0,0
2020-03-01;Sicilia;38,11569725;13,362356699999998;1;0;1;6;7;5;2;0;9;291;5,0;285,0;0,0;0,0;0,0
2020-03-02;Sicilia;38,11569725;13,362356699999998;2;0;2;3;5;-2;2;0;7;307;-2,0;16,0;0,0;0,0;0,0
2020-03-03;Sicilia;38,11569725;13,362356699999998;2;0;2;3;5;0;2;0;7;307;0,0;0,0;0,0;0,0;0,0
2020-03-04;Sicilia;38,11569725;13,362356699999998;5;0;5;11;16;11;2;0;18;367;11,0;60,0;0,0;0,0;0,0
2020-03-05;Sicilia;38,11569725;13,362356699999998;5;0;5;11;16;0;2;0;18;367;0,0;0,0;0,0;0,0;0,0
2020-03-06;Sicilia;38,11569725;13,362356699999998;7;0;7;15;22;6;2;0;24;367;6,0;0,0;0,0;0,0;0,0
2020-03-07;Sicilia;38,11569725;13,362356699999998;8;0;8;25;33;11;2;0;35;643;11,0;276,0;0,0;0,0;0,0
2020-03-08;Sicilia;38,11569725;13,362356699999998;18;0;18;33;51;18;2;0;53;791;18,0;148,0;0,0;0,0;0,0
2020-03-09;Sicilia;38,11569725;13,362356699999998;19;0;19;33;52;1;2;0;54;836;1,0;45,0;0,0;0,0;0,0
2020-03-10;Sicilia;38,11569725;13,362356699999998;17;2;19;41;60;8;2;0;62;955;8,0;119,0;0,0;0,0;2,0
2020-03-11;Sicilia;38,11569725;13,362356699999998;23;1;24;57;81;21;2;0;83;1194;21,0;239,0;0,0;0,0;-1,0
2020-03-12;Sicilia;38,11569725;13,362356699999998;28;5;33;78;111;30;2;2;115;1477;32,0;283,0;2,0;0,0;4,0
2020-03-13;Sicilia;38,11569725;13,362356699999998;37;7;44;82;126;15;2;2;130;1950;15,0;473,0;0,0;0,0;2,0
2020-03-14;Sicilia;38,11569725;13,362356699999998;42;11;53;97;150;24;4;2;156;2100;26,0;150,0;0,0;2,0;4,0
2020-03-15;Sicilia;38,11569725;13,362356699999998;56;15;71;108;179;29;7;2;188;2452;32,0;352,0;0,0;3,0;4,0
2020-03-16;Sicilia;38,11569725;13,362356699999998;75;20;95;108;203;24;8;2;213;2653;25,0;201,0;0,0;1,0;5,0
2020-03-17;Sicilia;38,11569725;13,362356699999998;86;28;114;112;226;23;8;3;237;2916;24,0;263,0;1,0;0,0;8,0
2020-03-18;Sicilia;38,11569725;13,362356699999998;100;29;129;138;267;41;12;3;282;3294;45,0;378,0;0,0;4,0;1,0
2020-03-19;Sicilia;38,11569725;13,362356699999998;143;36;179;142;321;54;15;4;340;3961;58,0;667,0;1,0;3,0;7,0
2020-03-20;Sicilia;38,11569725;13,362356699999998;168;42;210;169;379;58;25;4;408;4468;68,0;507,0;0,0;10,0;6,0
2020-03-21;Sicilia;38,11569725;13,362356699999998;206;48;254;204;458;79;26;6;490;4883;82,0;415,0;2,0;1,0;6,0
2020-03-22;Sicilia;38,11569725;13,362356699999998;220;55;275;321;596;138;26;8;630;5580;140,0;697,0;2,0;0,0;7,0
2020-03-23;Sicilia;38,11569725;13,362356699999998;250;60;310;371;681;85;27;13;721;6375;91,0;795,0;5,0;1,0;5,0
2020-03-24;Sicilia;38,11569725;13,362356699999998;250;60;310;489;799;118;27;20;846;7170;125,0;795,0;7,0;0,0;0,0
2020-03-25;Sicilia;38,11569725;13,362356699999998;259;80;339;597;936;137;33;25;994;8312;148,0;1142,0;5,0;6,0;20,0
2020-03-26;Sicilia;38,11569725;13,362356699999998;346;68;414;681;1095;159;36;33;1164;9658;170,0;1346,0;8,0;3,0;-12,0
2020-03-27;Sicilia;38,11569725;13,362356699999998;425;75;500;658;1158;63;53;39;1250;11079;86,0;1421,0;6,0;17,0;7,0
2020-03-28;Sicilia;38,11569725;13,362356699999998;441;71;512;730;1242;84;60;57;1359;13096;109,0;2017,0;18,0;7,0;-4,0
2020-03-29;Sicilia;38,11569725;13,362356699999998;451;71;522;808;1330;88;65;65;1460;13814;101,0;718,0;8,0;5,0;0,0
2020-03-30;Sicilia;38,11569725;13,362356699999998;484;75;559;849;1408;78;71;76;1555;14758;95,0;944,0;11,0;6,0;4,0
2020-03-31;Sicilia;38,11569725;13,362356699999998;503;72;575;917;1492;84;74;81;1647;15634;92,0;876,0;5,0;3,0;-3,0
2020-04-01;Sicilia;38,11569725;13,362356699999998;496;72;568;976;1544;52;86;88;1718;16836;71,0;1202,0;7,0;12,0;0,0
2020-04-02;Sicilia;38,11569725;13,362356699999998;503;73;576;1030;1606;62;92;93;1791;17833;73,0;997,0;5,0;6,0;1,0
2020-04-03;Sicilia;38,11569725;13,362356699999998;535;73;608;1056;1664;58;94;101;1859;18686;68,0;853,0;8,0;2,0;0,0
2020-04-04;Sicilia;38,11569725;13,362356699999998;553;74;627;1099;1726;62;95;111;1932;19896;73,0;1210,0;10,0;1,0;1,0
2020-02-24;Toscana;43,76923077;11,25588885;0;0;0;0;0;0;0;0;0;140;0,0;140,0;0,0;0,0;0,0
2020-02-25;Toscana;43,76923077;11,25588885;2;0;2;0;2;2;0;0;2;296;2,0;156,0;0,0;0,0;0,0
2020-02-26;Toscana;43,76923077;11,25588885;2;0;2;0;2;0;0;0;2;363;0,0;67,0;0,0;0,0;0,0
2020-02-27;Toscana;43,76923077;11,25588885;2;0;2;0;2;0;0;0;2;410;0,0;47,0;0,0;0,0;0,0
2020-02-28;Toscana;43,76923077;11,25588885;5;0;5;2;7;5;1;0;8;437;6,0;27,0;0,0;1,0;0,0
2020-02-29;Toscana;43,76923077;11,25588885;7;0;7;3;10;3;1;0;11;531;3,0;94,0;0,0;0,0;0,0
2020-03-01;Toscana;43,76923077;11,25588885;7;0;7;5;12;2;1;0;13;572;2,0;41,0;0,0;0,0;0,0
2020-03-02;Toscana;43,76923077;11,25588885;7;0;7;5;12;0;1;0;13;613;0,0;41,0;0,0;0,0;0,0
2020-03-03;Toscana;43,76923077;11,25588885;10;0;10;8;18;6;1;0;19;697;6,0;84,0;0,0;0,0;0,0
2020-03-04;Toscana;43,76923077;11,25588885;15;2;17;20;37;19;1;0;38;776;19,0;79,0;0,0;0,0;2,0
2020-03-05;Toscana;43,76923077;11,25588885;26;3;29;31;60;23;1;0;61;776;23,0;0,0;0,0;0,0;1,0
2020-03-06;Toscana;43,76923077;11,25588885;35;5;40;38;78;18;1;0;79;1097;18,0;321,0;0,0;0,0;2,0
2020-03-07;Toscana;43,76923077;11,25588885;54;7;61;51;112;34;1;0;113;1331;34,0;234,0;0,0;0,0;2,0
2020-03-08;Toscana;43,76923077;11,25588885;91;7;98;67;165;53;1;0;166;1618;53,0;287,0;0,0;0,0;0,0
2020-03-09;Toscana;43,76923077;11,25588885;107;9;116;90;206;41;1;1;208;2018;42,0;400,0;1,0;0,0;2,0
2020-03-10;Toscana;43,76923077;11,25588885;91;40;131;129;260;54;3;1;264;2573;56,0;555,0;0,0;2,0;31,0
2020-03-11;Toscana;43,76923077;11,25588885;87;54;141;173;314;54;5;1;320;2804;56,0;231,0;0,0;2,0;14,0
2020-03-12;Toscana;43,76923077;11,25588885;100;59;159;193;352;38;7;5;364;3165;44,0;361,0;4,0;2,0;5,0
2020-03-13;Toscana;43,76923077;11,25588885;134;77;211;244;455;103;10;5;470;4049;106,0;884,0;0,0;3,0;18,0
2020-03-14;Toscana;43,76923077;11,25588885;160;87;247;367;614;159;10;6;630;4595;160,0;546,0;1,0;0,0;10,0
2020-03-15;Toscana;43,76923077;11,25588885;175;107;282;481;763;149;10;8;781;5132;151,0;537,0;2,0;0,0;20,0
2020-03-16;Toscana;43,76923077;11,25588885;175;107;282;559;841;78;11;14;866;5910;85,0;778,0;6,0;1,0;0,0
2020-03-17;Toscana;43,76923077;11,25588885;329;143;472;552;1024;183;12;17;1053;6727;187,0;817,0;3,0;1,0;36,0
2020-03-18;Toscana;43,76923077;11,25588885;427;160;587;704;1291;267;17;22;1330;7606;277,0;879,0;5,0;5,0;17,0
2020-03-19;Toscana;43,76923077;11,25588885;501;178;679;743;1422;131;22;38;1482;8873;152,0;1267,0;16,0;5,0;18,0
2020-03-20;Toscana;43,76923077;11,25588885;601;189;790;923;1713;291;33;47;1793;10405;311,0;1532,0;9,0;11,0;11,0
2020-03-21;Toscana;43,76923077;11,25588885;664;202;866;1039;1905;192;35;72;2012;11909;219,0;1504,0;25,0;2,0;13,0
2020-03-22;Toscana;43,76923077;11,25588885;706;215;921;1223;2144;239;42;91;2277;13264;265,0;1355,0;19,0;7,0;13,0
2020-03-23;Toscana;43,76923077;11,25588885;838;238;1076;1225;2301;157;51;109;2461;13851;184,0;587,0;18,0;9,0;23,0
2020-03-24;Toscana;43,76923077;11,25588885;918;244;1162;1357;2519;218;51;129;2699;15701;238,0;1850,0;20,0;0,0;6,0
2020-03-25;Toscana;43,76923077;11,25588885;999;251;1250;1526;2776;257;54;142;2972;17868;273,0;2167,0;13,0;3,0;7,0
2020-03-26;Toscana;43,76923077;11,25588885;1037;259;1296;1677;2973;197;95;158;3226;20952;254,0;3084,0;16,0;41,0;8,0
2020-03-27;Toscana;43,76923077;11,25588885;1053;274;1327;1843;3170;197;103;177;3450;23746;224,0;2794,0;19,0;8,0;15,0
2020-03-28;Toscana;43,76923077;11,25588885;1093;277;1370;2141;3511;341;108;198;3817;25613;367,0;1867,0;21,0;5,0;3,0
2020-03-29;Toscana;43,76923077;11,25588885;1111;275;1386;2400;3786;275;121;215;4122;27579;305,0;1966,0;17,0;13,0;-2,0
2020-03-30;Toscana;43,76923077;11,25588885;1116;279;1395;2655;4050;264;131;231;4412;30099;290,0;2520,0;16,0;10,0;4,0
2020-03-31;Toscana;43,76923077;11,25588885;1120;293;1413;2813;4226;176;138;244;4608;33165;196,0;3066,0;13,0;7,0;14,0
2020-04-01;Toscana;43,76923077;11,25588885;1120;297;1417;3015;4432;206;182;253;4867;36575;259,0;3410,0;9,0;44,0;4,0
2020-04-02;Toscana;43,76923077;11,25588885;1135;295;1430;3359;4789;357;216;268;5273;40724;406,0;4149,0;15,0;34,0;-2,0
2020-04-03;Toscana;43,76923077;11,25588885;1149;288;1437;3472;4909;120;300;290;5499;44460;226,0;3736,0;22,0;84,0;-7,0
2020-04-04;Toscana;43,76923077;11,25588885;1129;286;1415;3639;5054;145;310;307;5671;47886;172,0;3426,0;17,0;10,0;-2,0
2020-02-24;Umbria;43,10675841;12,38824698;0;0;0;0;0;0;0;0;0;0;0,0;0,0;0,0;0,0;0,0
2020-02-25;Umbria;43,10675841;12,38824698;0;0;0;0;0;0;0;0;0;8;0,0;8,0;0,0;0,0;0,0
2020-02-26;Umbria;43,10675841;12,38824698;0;0;0;0;0;0;0;0;0;8;0,0;0,0;0,0;0,0;0,0
2020-02-27;Umbria;43,10675841;12,38824698;0;0;0;0;0;0;0;0;0;8;0,0;0,0;0,0;0,0;0,0
2020-02-28;Umbria;43,10675841;12,38824698;0;0;0;0;0;0;0;0;0;8;0,0;0,0;0,0;0,0;0,0
2020-02-29;Umbria;43,10675841;12,38824698;0;0;0;0;0;0;0;0;0;31;0,0;23,0;0,0;0,0;0,0
2020-03-01;Umbria;43,10675841;12,38824698;0;0;0;2;2;2;0;0;2;35;2,0;4,0;0,0;0,0;0,0
2020-03-02;Umbria;43,10675841;12,38824698;0;0;0;2;2;0;0;0;2;35;0,0;0,0;0,0;0,0;0,0
2020-03-03;Umbria;43,10675841;12,38824698;1;1;2;6;8;6;0;0;8;45;6,0;10,0;0,0;0,0;1,0
2020-03-04;Umbria;43,10675841;12,38824698;1;1;2;7;9;1;0;0;9;58;1,0;13,0;0,0;0,0;0,0
2020-03-05;Umbria;43,10675841;12,38824698;1;1;2;7;9;0;0;0;9;88;0,0;30,0;0,0;0,0;0,0
2020-03-06;Umbria;43,10675841;12,38824698;2;2;4;12;16;7;0;0;16;110;7,0;22,0;0,0;0,0;1,0
2020-03-07;Umbria;43,10675841;12,38824698;2;2;4;20;24;8;0;0;24;134;8,0;24,0;0,0;0,0;0,0
2020-03-08;Umbria;43,10675841;12,38824698;2;2;4;22;26;2;0;0;26;168;2,0;34,0;0,0;0,0;0,0
2020-03-09;Umbria;43,10675841;12,38824698;4;2;6;22;28;2;0;0;28;183;2,0;15,0;0,0;0,0;0,0
2020-03-10;Umbria;43,10675841;12,38824698;8;2;10;27;37;9;0;0;37;260;9,0;77,0;0,0;0,0;0,0
2020-03-11;Umbria;43,10675841;12,38824698;7;5;12;32;44;7;2;0;46;340;9,0;80,0;0,0;2,0;3,0
2020-03-12;Umbria;43,10675841;12,38824698;8;8;16;46;62;18;2;0;64;458;18,0;118,0;0,0;0,0;3,0
2020-03-13;Umbria;43,10675841;12,38824698;11;10;21;52;73;11;2;1;76;576;12,0;118,0;1,0;0,0;2,0
2020-03-14;Umbria;43,10675841;12,38824698;21;11;32;71;103;30;3;1;107;748;31,0;172,0;0,0;1,0;1,0
2020-03-15;Umbria;43,10675841;12,38824698;25;13;38;101;139;36;3;1;143;965;36,0;217,0;0,0;0,0;2,0
2020-03-16;Umbria;43,10675841;12,38824698;30;15;45;114;159;20;4;1;164;1093;21,0;128,0;0,0;1,0;2,0
2020-03-17;Umbria;43,10675841;12,38824698;36;21;57;135;192;33;4;1;197;1323;33,0;230,0;0,0;0,0;6,0
2020-03-18;Umbria;43,10675841;12,38824698;54;21;75;166;241;49;4;2;247;1601;50,0;278,0;1,0;0,0;0,0
2020-03-19;Umbria;43,10675841;12,38824698;69;21;90;238;328;87;4;2;334;1954;87,0;353,0;0,0;0,0;0,0
2020-03-20;Umbria;43,10675841;12,38824698;75;24;99;285;384;56;4;7;395;2303;61,0;349,0;5,0;0,0;3,0
2020-03-21;Umbria;43,10675841;12,38824698;92;29;121;326;447;63;5;10;462;2712;67,0;409,0;3,0;1,0;5,0
2020-03-22;Umbria;43,10675841;12,38824698;97;35;132;368;500;53;5;16;521;3135;59,0;423,0;6,0;0,0;6,0
2020-03-23;Umbria;43,10675841;12,38824698;106;42;148;408;556;56;5;16;577;3561;56,0;426,0;0,0;0,0;7,0
2020-03-24;Umbria;43,10675841;12,38824698;105;43;148;476;624;68;5;19;648;4108;71,0;547,0;3,0;0,0;1,0
2020-03-25;Umbria;43,10675841;12,38824698;123;44;167;519;686;62;5;19;710;4707;62,0;599,0;0,0;0,0;1,0
2020-03-26;Umbria;43,10675841;12,38824698;144;46;190;580;770;84;12;20;802;5428;92,0;721,0;1,0;7,0;2,0
2020-03-27;Umbria;43,10675841;12,38824698;149;46;195;629;824;54;39;21;884;6137;82,0;709,0;1,0;27,0;0,0
2020-03-28;Umbria;43,10675841;12,38824698;159;44;203;695;898;74;43;28;969;7028;85,0;891,0;7,0;4,0;-2,0
2020-03-29;Umbria;43,10675841;12,38824698;166;46;212;685;897;-1;95;31;1023;7685;54,0;657,0;3,0;52,0;2,0
2020-03-30;Umbria;43,10675841;12,38824698;173;47;220;614;834;-63;184;33;1051;8150;28,0;465,0;2,0;89,0;1,0
2020-03-31;Umbria;43,10675841;12,38824698;176;43;219;632;851;17;190;37;1078;8685;27,0;535,0;4,0;6,0;-4,0
2020-04-01;Umbria;43,10675841;12,38824698;173;45;218;646;864;13;194;37;1095;9080;17,0;395,0;0,0;4,0;2,0
2020-04-02;Umbria;43,10675841;12,38824698;171;47;218;667;885;21;205;38;1128;9737;33,0;657,0;1,0;11,0;2,0
2020-04-03;Umbria;43,10675841;12,38824698;165;48;213;707;920;35;220;39;1179;10614;51,0;877,0;1,0;15,0;1,0
2020-04-04;Umbria;43,10675841;12,38824698;167;44;211;716;927;7;242;41;1210;11809;31,0;1195,0;2,0;22,0;-4,0
2020-02-24;Valle d'Aosta;45,73750286;7,320149366;0;0;0;0;0;0;0;0;0;7;0,0;7,0;0,0;0,0;0,0
2020-02-25;Valle d'Aosta;45,73750286;7,320149366;0;0;0;0;0;0;0;0;0;7;0,0;0,0;0,0;0,0;0,0
2020-02-26;Valle d'Aosta;45,73750286;7,320149366;0;0;0;0;0;0;0;0;0;7;0,0;0,0;0,0;0,0;0,0
2020-02-27;Valle d'Aosta;45,73750286;7,320149366;0;0;0;0;0;0;0;0;0;9;0,0;2,0;0,0;0,0;0,0
2020-02-28;Valle d'Aosta;45,73750286;7,320149366;0;0;0;0;0;0;0;0;0;9;0,0;0,0;0,0;0,0;0,0
2020-02-29;Valle d'Aosta;45,73750286;7,320149366;0;0;0;0;0;0;0;0;0;9;0,0;0,0;0,0;0,0;0,0
2020-03-01;Valle d'Aosta;45,73750286;7,320149366;0;0;0;0;0;0;0;0;0;10;0,0;1,0;0,0;0,0;0,0
2020-03-02;Valle d'Aosta;45,73750286;7,320149366;0;0;0;0;0;0;0;0;0;11;0,0;1,0;0,0;0,0;0,0
2020-03-03;Valle d'Aosta;45,73750286;7,320149366;0;0;0;0;0;0;0;0;0;12;0,0;1,0;0,0;0,0;0,0
2020-03-04;Valle d'Aosta;45,73750286;7,320149366;0;0;0;0;0;0;0;0;0;15;0,0;3,0;0,0;0,0;0,0
2020-03-05;Valle d'Aosta;45,73750286;7,320149366;0;0;0;2;2;2;0;0;2;21;2,0;6,0;0,0;0,0;0,0
2020-03-06;Valle d'Aosta;45,73750286;7,320149366;0;0;0;7;7;5;0;0;7;28;5,0;7,0;0,0;0,0;0,0
2020-03-07;Valle d'Aosta;45,73750286;7,320149366;1;0;1;7;8;1;0;0;8;32;1,0;4,0;0,0;0,0;0,0
2020-03-08;Valle d'Aosta;45,73750286;7,320149366;1;0;1;8;9;1;0;0;9;41;1,0;9,0;0,0;0,0;0,0
2020-03-09;Valle d'Aosta;45,73750286;7,320149366;4;0;4;11;15;6;0;0;15;67;6,0;26,0;0,0;0,0;0,0
2020-03-10;Valle d'Aosta;45,73750286;7,320149366;2;0;2;15;17;2;0;0;17;89;2,0;22,0;0,0;0,0;0,0
2020-03-11;Valle d'Aosta;45,73750286;7,320149366;2;0;2;17;19;2;0;1;20;99;3,0;10,0;1,0;0,0;0,0
2020-03-12;Valle d'Aosta;45,73750286;7,320149366;7;0;7;19;26;7;0;1;27;118;7,0;19,0;0,0;0,0;0,0
2020-03-13;Valle d'Aosta;45,73750286;7,320149366;6;0;6;21;27;1;0;1;28;189;1,0;71,0;0,0;0,0;0,0
2020-03-14;Valle d'Aosta;45,73750286;7,320149366;12;0;12;29;41;14;0;1;42;231;14,0;42,0;0,0;0,0;0,0
2020-03-15;Valle d'Aosta;45,73750286;7,320149366;10;3;13;43;56;15;0;1;57;230;15,0;-1,0;0,0;0,0;3,0
2020-03-16;Valle d'Aosta;45,73750286;7,320149366;28;5;33;70;103;47;0;2;105;287;48,0;57,0;1,0;0,0;2,0
2020-03-17;Valle d'Aosta;45,73750286;7,320149366;35;6;41;93;134;31;0;2;136;398;31,0;111,0;0,0;0,0;1,0
2020-03-18;Valle d'Aosta;45,73750286;7,320149366;41;3;44;118;162;28;0;3;165;486;29,0;88,0;1,0;0,0;-3,0
2020-03-19;Valle d'Aosta;45,73750286;7,320149366;47;9;56;153;209;47;0;6;215;608;50,0;122,0;3,0;0,0;6,0
2020-03-20;Valle d'Aosta;45,73750286;7,320149366;54;9;63;194;257;48;0;7;264;814;49,0;206,0;1,0;0,0;0,0
2020-03-21;Valle d'Aosta;45,73750286;7,320149366;62;15;77;227;304;47;1;8;313;884;49,0;70,0;1,0;1,0;6,0
2020-03-22;Valle d'Aosta;45,73750286;7,320149366;63;21;84;270;354;50;1;9;364;950;51,0;66,0;1,0;0,0;6,0
2020-03-23;Valle d'Aosta;45,73750286;7,320149366;69;20;89;290;379;25;2;12;393;1098;29,0;148,0;3,0;1,0;-1,0
2020-03-24;Valle d'Aosta;45,73750286;7,320149366;71;20;91;288;379;0;2;19;400;1180;7,0;82,0;7,0;0,0;0,0
2020-03-25;Valle d'Aosta;45,73750286;7,320149366;70;25;95;280;375;-4;2;24;401;1200;1,0;20,0;5,0;0,0;5,0
2020-03-26;Valle d'Aosta;45,73750286;7,320149366;73;24;97;281;378;3;2;28;408;1203;7,0;3,0;4,0;0,0;-1,0
2020-03-27;Valle d'Aosta;45,73750286;7,320149366;91;24;115;298;413;35;2;37;452;1252;44,0;49,0;9,0;0,0;0,0
2020-03-28;Valle d'Aosta;45,73750286;7,320149366;90;26;116;352;468;55;2;41;511;1380;59,0;128,0;4,0;0,0;2,0
2020-03-29;Valle d'Aosta;45,73750286;7,320149366;90;26;116;423;539;71;2;43;584;1480;73,0;100,0;2,0;0,0;0,0
2020-03-30;Valle d'Aosta;45,73750286;7,320149366;92;26;118;400;518;-21;16;50;584;1536;0,0;56,0;7,0;14,0;0,0
2020-03-31;Valle d'Aosta;45,73750286;7,320149366;91;26;117;435;552;34;20;56;628;1582;44,0;46,0;6,0;4,0;0,0
2020-04-01;Valle d'Aosta;45,73750286;7,320149366;85;27;112;428;540;-12;32;59;631;1717;3,0;135,0;3,0;12,0;1,0
2020-04-02;Valle d'Aosta;45,73750286;7,320149366;85;25;110;446;556;16;49;63;668;1934;37,0;217,0;4,0;17,0;-2,0
2020-04-03;Valle d'Aosta;45,73750286;7,320149366;85;25;110;450;560;4;89;70;719;2106;51,0;172,0;7,0;40,0;0,0
2020-04-04;Valle d'Aosta;45,73750286;7,320149366;63;23;86;474;560;0;106;82;748;2274;29,0;168,0;12,0;17,0;-2,0
2020-02-24;Veneto;45,43490485;12,33845213;12;4;16;16;32;0;0;1;33;2200;33,0;2200,0;1,0;0,0;4,0
2020-02-25;Veneto;45,43490485;12,33845213;12;7;19;23;42;10;0;1;43;3780;10,0;1580,0;0,0;0,0;3,0
2020-02-26;Veneto;45,43490485;12,33845213;16;8;24;45;69;27;0;2;71;4900;28,0;1120,0;1,0;0,0;1,0
2020-02-27;Veneto;45,43490485;12,33845213;19;8;27;82;109;40;0;2;111;6164;40,0;1264,0;0,0;0,0;0,0
2020-02-28;Veneto;45,43490485;12,33845213;24;9;33;116;149;40;0;2;151;7414;40,0;1250,0;0,0;0,0;1,0
2020-02-29;Veneto;45,43490485;12,33845213;24;11;35;154;189;40;0;2;191;8659;40,0;1245,0;0,0;0,0;2,0
2020-03-01;Veneto;45,43490485;12,33845213;51;13;64;197;261;72;0;2;263;9056;72,0;397,0;0,0;0,0;2,0
2020-03-02;Veneto;45,43490485;12,33845213;53;14;67;204;271;10;0;2;273;9782;10,0;726,0;0,0;0,0;1,0
2020-03-03;Veneto;45,43490485;12,33845213;49;19;68;229;297;26;7;3;307;10176;34,0;394,0;1,0;7,0;5,0
2020-03-04;Veneto;45,43490485;12,33845213;76;23;99;246;345;48;9;6;360;10515;53,0;339,0;3,0;2,0;4,0
2020-03-05;Veneto;45,43490485;12,33845213;92;24;116;264;380;35;17;10;407;11949;47,0;1434,0;4,0;8,0;1,0
2020-03-06;Veneto;45,43490485;12,33845213;117;27;144;310;454;74;22;12;488;13023;81,0;1074,0;2,0;5,0;3,0
2020-03-07;Veneto;45,43490485;12,33845213;123;41;164;341;505;51;25;13;543;14429;55,0;1406,0;1,0;3,0;14,0
2020-03-08;Veneto;45,43490485;12,33845213;146;47;193;430;623;118;29;18;670;15918;127,0;1489,0;5,0;4,0;6,0
2020-03-09;Veneto;45,43490485;12,33845213;186;51;237;457;694;71;30;20;744;15956;74,0;38,0;2,0;1,0;4,0
2020-03-10;Veneto;45,43490485;12,33845213;204;67;271;512;783;89;47;26;856;16643;112,0;687,0;6,0;17,0;16,0
2020-03-11;Veneto;45,43490485;12,33845213;262;68;330;610;940;157;54;29;1023;21400;167,0;4757,0;3,0;7,0;1,0
2020-03-12;Veneto;45,43490485;12,33845213;360;85;445;852;1297;357;55;32;1384;23438;361,0;2038,0;3,0;1,0;17,0
2020-03-13;Veneto;45,43490485;12,33845213;366;107;473;980;1453;156;100;42;1595;25691;211,0;2253,0;10,0;45,0;22,0
2020-03-14;Veneto;45,43490485;12,33845213;366;119;485;1290;1775;322;107;55;1937;26980;342,0;1289,0;13,0;7,0;12,0
2020-03-15;Veneto;45,43490485;12,33845213;426;129;555;1434;1989;214;120;63;2172;32546;235,0;5566,0;8,0;13,0;10,0
2020-03-16;Veneto;45,43490485;12,33845213;498;156;654;1620;2274;285;130;69;2473;35052;301,0;2506,0;6,0;10,0;27,0
2020-03-17;Veneto;45,43490485;12,33845213;548;171;719;1769;2488;214;136;80;2704;35478;231,0;426,0;11,0;6,0;15,0
2020-03-18;Veneto;45,43490485;12,33845213;646;195;841;2112;2953;465;167;94;3214;40841;510,0;5363,0;14,0;31,0;24,0
2020-03-19;Veneto;45,43490485;12,33845213;771;209;980;2189;3169;216;200;115;3484;44658;270,0;3817,0;21,0;33,0;14,0
2020-03-20;Veneto;45,43490485;12,33845213;843;236;1079;2598;3677;508;223;131;4031;49288;547,0;4630,0;16,0;23,0;27,0
2020-03-21;Veneto;45,43490485;12,33845213;942;249;1191;3023;4214;537;257;146;4617;53642;586,0;4354,0;15,0;34,0;13,0
2020-03-22;Veneto;45,43490485;12,33845213;1113;255;1368;3276;4644;430;309;169;5122;57671;505,0;4029,0;23,0;52,0;6,0
2020-03-23;Veneto;45,43490485;12,33845213;1206;281;1487;3499;4986;342;327;192;5505;61115;383,0;3444,0;23,0;18,0;26,0
2020-03-24;Veneto;45,43490485;12,33845213;1318;304;1622;3729;5351;365;381;216;5948;66178;443,0;5063,0;24,0;54,0;23,0
2020-03-25;Veneto;45,43490485;12,33845213;1407;316;1723;4022;5745;394;439;258;6442;70877;494,0;4699,0;42,0;58,0;12,0
2020-03-26;Veneto;45,43490485;12,33845213;1447;326;1773;4367;6140;395;508;287;6935;79759;493,0;8882,0;29,0;69,0;10,0
2020-03-27;Veneto;45,43490485;12,33845213;1536;338;1874;4774;6648;508;536;313;7497;83627;562,0;3868,0;26,0;28,0;12,0
2020-03-28;Veneto;45,43490485;12,33845213;1559;344;1903;5010;6913;265;655;362;7930;89380;433,0;5753,0;49,0;119,0;6,0
2020-03-29;Veneto;45,43490485;12,33845213;1586;355;1941;5310;7251;338;715;392;8358;94784;428,0;5404,0;30,0;60,0;11,0
2020-03-30;Veneto;45,43490485;12,33845213;1633;356;1989;5575;7564;313;747;413;8724;99941;366,0;5157,0;21,0;32,0;1,0
2020-03-31;Veneto;45,43490485;12,33845213;1680;356;2036;5814;7850;286;828;477;9155;106238;431,0;6297,0;64,0;81,0;0,0
2020-04-01;Veneto;45,43490485;12,33845213;1718;350;2068;6156;8224;374;902;499;9625;112746;470,0;6508,0;22,0;74,0;-6,0
2020-04-02;Veneto;45,43490485;12,33845213;1670;345;2015;6563;8578;354;1001;532;10111;120320;486,0;7574,0;33,0;99,0;-5,0
2020-04-03;Veneto;45,43490485;12,33845213;1714;335;2049;6812;8861;283;1031;572;10464;126490;353,0;6170,0;40,0;30,0;-10,0
2020-04-04;Veneto;45,43490485;12,33845213;1691;324;2015;7078;9093;232;1124;607;10824;133289;360,0;6799,0;35,0;93,0;-11,0
